registration_number,department,year,network_status
RA2311003010001,CSE Core,4th Year,Connected
RA2311003010002,CSE Core,4th Year,Connected
RA2311003010003,CSE Core,4th Year,Connected
RA2311003010004,CSE Core,4th Year,Connected
RA2311003010005,CSE Core,4th Year,Connected
RA2311003010006,CSE Core,4th Year,Connected
RA2311003010007,CSE Core,4th Year,Structurally Isolated
RA2311003010008,CSE Core,4th Year,Connected
RA2311003010009,CSE Core,4th Year,Connected
RA2311003010010,CSE Core,4th Year,Connected
RA2311003010011,CSE Core,4th Year,Connected
RA2311003010012,CSE Core,4th Year,Connected
RA2311003010013,CSE Core,4th Year,Connected
RA2311003010014,CSE Core,4th Year,Connected
RA2311003010015,CSE Core,4th Year,Connected
RA2311003010016,CSE Core,4th Year,Connected
RA2311003010017,CSE Core,4th Year,Connected
RA2311003010018,CSE Core,4th Year,Connected
RA2311003010019,CSE Core,4th Year,Connected
RA2311003010020,CSE Core,4th Year,Connected
RA2311003010021,CSE Core,4th Year,Connected
RA2311003010022,CSE Core,4th Year,Connected
RA2311003010023,CSE Core,4th Year,Connected
RA2411003010024,CSE Core,3rd Year,Connected
RA2411003010025,CSE Core,3rd Year,Connected
RA2411003010026,CSE Core,3rd Year,Structurally Isolated
RA2411003010027,CSE Core,3rd Year,Connected
RA2411003010028,CSE Core,3rd Year,Structurally Isolated
RA2411003010029,CSE Core,3rd Year,Connected
RA2411003010030,CSE Core,3rd Year,Connected
RA2411003010031,CSE Core,3rd Year,Structurally Isolated
RA2411003010032,CSE Core,3rd Year,Connected
RA2411003010033,CSE Core,3rd Year,Structurally Isolated
RA2411003010034,CSE Core,3rd Year,Connected
RA2411003010035,CSE Core,3rd Year,Connected
RA2411003010036,CSE Core,3rd Year,Connected
RA2411003010037,CSE Core,3rd Year,Connected
RA2411003010038,CSE Core,3rd Year,Connected
RA2411003010039,CSE Core,3rd Year,Connected
RA2411003010040,CSE Core,3rd Year,Connected
RA2411003010041,CSE Core,3rd Year,Connected
RA2411003010042,CSE Core,3rd Year,Connected
RA2411003010043,CSE Core,3rd Year,Connected
RA2411003010044,CSE Core,3rd Year,Connected
RA2411003010045,CSE Core,3rd Year,Connected
RA2411003010046,CSE Core,3rd Year,Connected
RA2511003010047,CSE Core,2nd Year,Connected
RA2511003010048,CSE Core,2nd Year,Connected
RA2511003010049,CSE Core,2nd Year,Connected
RA2511003010050,CSE Core,2nd Year,Connected
RA2511003010051,CSE Core,2nd Year,Connected
RA2511003010052,CSE Core,2nd Year,Connected
RA2511003010053,CSE Core,2nd Year,Connected
RA2511003010054,CSE Core,2nd Year,Connected
RA2511003010055,CSE Core,2nd Year,Connected
RA2511003010056,CSE Core,2nd Year,Connected
RA2511003010057,CSE Core,2nd Year,Connected
RA2511003010058,CSE Core,2nd Year,Connected
RA2511003010059,CSE Core,2nd Year,Connected
RA2511003010060,CSE Core,2nd Year,Connected
RA2511003010061,CSE Core,2nd Year,Connected
RA2511003010062,CSE Core,2nd Year,Connected
RA2511003010063,CSE Core,2nd Year,Connected
RA2511003010064,CSE Core,2nd Year,Connected
RA2511003010065,CSE Core,2nd Year,Connected
RA2511003010066,CSE Core,2nd Year,Connected
RA2511003010067,CSE Core,2nd Year,Connected
RA2511003010068,CSE Core,2nd Year,Connected
RA2511003010069,CSE Core,2nd Year,Connected
RA2611003010070,CSE Core,1st Year,Connected
RA2611003010071,CSE Core,1st Year,Connected
RA2611003010072,CSE Core,1st Year,Connected
RA2611003010073,CSE Core,1st Year,Connected
RA2611003010074,CSE Core,1st Year,Connected
RA2611003010075,CSE Core,1st Year,Connected
RA2611003010076,CSE Core,1st Year,Connected
RA2611003010077,CSE Core,1st Year,Connected
RA2611003010078,CSE Core,1st Year,Connected
RA2611003010079,CSE Core,1st Year,Connected
RA2611003010080,CSE Core,1st Year,Connected
RA2611003010081,CSE Core,1st Year,Connected
RA2611003010082,CSE Core,1st Year,Connected
RA2611003010083,CSE Core,1st Year,Connected
RA2611003010084,CSE Core,1st Year,Connected
RA2611003010085,CSE Core,1st Year,Connected
RA2611003010086,CSE Core,1st Year,Connected
RA2611003010087,CSE Core,1st Year,Connected
RA2611003010088,CSE Core,1st Year,Connected
RA2611003010089,CSE Core,1st Year,Connected
RA2611003010090,CSE Core,1st Year,Structurally Isolated
RA2611003010091,CSE Core,1st Year,Connected
RA2611003010092,CSE Core,1st Year,Connected
RA2611003010093,CSE Core,1st Year,Connected
RA2311027010094,Big Data Analytics,4th Year,Connected
RA2311027010095,Big Data Analytics,4th Year,Connected
RA2311027010096,Big Data Analytics,4th Year,Structurally Isolated
RA2311027010097,Big Data Analytics,4th Year,Connected
RA2311027010098,Big Data Analytics,4th Year,Connected
RA2311027010099,Big Data Analytics,4th Year,Connected
RA2311027010100,Big Data Analytics,4th Year,Connected
RA2311027010101,Big Data Analytics,4th Year,Connected
RA2311027010102,Big Data Analytics,4th Year,Connected
RA2311027010103,Big Data Analytics,4th Year,Connected
RA2311027010104,Big Data Analytics,4th Year,Connected
RA2311027010105,Big Data Analytics,4th Year,Structurally Isolated
RA2311027010106,Big Data Analytics,4th Year,Connected
RA2311027010107,Big Data Analytics,4th Year,Connected
RA2311027010108,Big Data Analytics,4th Year,Connected
RA2311027010109,Big Data Analytics,4th Year,Connected
RA2311027010110,Big Data Analytics,4th Year,Connected
RA2311027010111,Big Data Analytics,4th Year,Connected
RA2311027010112,Big Data Analytics,4th Year,Connected
RA2311027010113,Big Data Analytics,4th Year,Connected
RA2311027010114,Big Data Analytics,4th Year,Connected
RA2311027010115,Big Data Analytics,4th Year,Structurally Isolated
RA2411027010116,Big Data Analytics,3rd Year,Connected
RA2411027010117,Big Data Analytics,3rd Year,Connected
RA2411027010118,Big Data Analytics,3rd Year,Connected
RA2411027010119,Big Data Analytics,3rd Year,Connected
RA2411027010120,Big Data Analytics,3rd Year,Connected
RA2411027010121,Big Data Analytics,3rd Year,Connected
RA2411027010122,Big Data Analytics,3rd Year,Connected
RA2411027010123,Big Data Analytics,3rd Year,Connected
RA2411027010124,Big Data Analytics,3rd Year,Connected
RA2411027010125,Big Data Analytics,3rd Year,Connected
RA2411027010126,Big Data Analytics,3rd Year,Connected
RA2411027010127,Big Data Analytics,3rd Year,Connected
RA2411027010128,Big Data Analytics,3rd Year,Connected
RA2411027010129,Big Data Analytics,3rd Year,Connected
RA2411027010130,Big Data Analytics,3rd Year,Connected
RA2411027010131,Big Data Analytics,3rd Year,Connected
RA2411027010132,Big Data Analytics,3rd Year,Connected
RA2411027010133,Big Data Analytics,3rd Year,Connected
RA2411027010134,Big Data Analytics,3rd Year,Connected
RA2411027010135,Big Data Analytics,3rd Year,Connected
RA2411027010136,Big Data Analytics,3rd Year,Connected
RA2411027010137,Big Data Analytics,3rd Year,Connected
RA2511027010138,Big Data Analytics,2nd Year,Connected
RA2511027010139,Big Data Analytics,2nd Year,Connected
RA2511027010140,Big Data Analytics,2nd Year,Connected
RA2511027010141,Big Data Analytics,2nd Year,Connected
RA2511027010142,Big Data Analytics,2nd Year,Connected
RA2511027010143,Big Data Analytics,2nd Year,Structurally Isolated
RA2511027010144,Big Data Analytics,2nd Year,Connected
RA2511027010145,Big Data Analytics,2nd Year,Connected
RA2511027010146,Big Data Analytics,2nd Year,Connected
RA2511027010147,Big Data Analytics,2nd Year,Connected
RA2511027010148,Big Data Analytics,2nd Year,Connected
RA2511027010149,Big Data Analytics,2nd Year,Connected
RA2511027010150,Big Data Analytics,2nd Year,Connected
RA2511027010151,Big Data Analytics,2nd Year,Connected
RA2511027010152,Big Data Analytics,2nd Year,Connected
RA2511027010153,Big Data Analytics,2nd Year,Connected
RA2511027010154,Big Data Analytics,2nd Year,Connected
RA2511027010155,Big Data Analytics,2nd Year,Connected
RA2511027010156,Big Data Analytics,2nd Year,Connected
RA2511027010157,Big Data Analytics,2nd Year,Connected
RA2511027010158,Big Data Analytics,2nd Year,Connected
RA2511027010159,Big Data Analytics,2nd Year,Connected
RA2511027010160,Big Data Analytics,2nd Year,Connected
RA2611027010161,Big Data Analytics,1st Year,Connected
RA2611027010162,Big Data Analytics,1st Year,Connected
RA2611027010163,Big Data Analytics,1st Year,Connected
RA2611027010164,Big Data Analytics,1st Year,Connected
RA2611027010165,Big Data Analytics,1st Year,Connected
RA2611027010166,Big Data Analytics,1st Year,Connected
RA2611027010167,Big Data Analytics,1st Year,Connected
RA2611027010168,Big Data Analytics,1st Year,Connected
RA2611027010169,Big Data Analytics,1st Year,Connected
RA2611027010170,Big Data Analytics,1st Year,Connected
RA2611027010171,Big Data Analytics,1st Year,Connected
RA2611027010172,Big Data Analytics,1st Year,Connected
RA2611027010173,Big Data Analytics,1st Year,Connected
RA2611027010174,Big Data Analytics,1st Year,Connected
RA2611027010175,Big Data Analytics,1st Year,Connected
RA2611027010176,Big Data Analytics,1st Year,Connected
RA2611027010177,Big Data Analytics,1st Year,Connected
RA2611027010178,Big Data Analytics,1st Year,Connected
RA2611027010179,Big Data Analytics,1st Year,Connected
RA2611027010180,Big Data Analytics,1st Year,Connected
RA2611027010181,Big Data Analytics,1st Year,Connected
RA2611027010182,Big Data Analytics,1st Year,Connected
RA2311028010183,Cloud Computing,4th Year,Connected
RA2311028010184,Cloud Computing,4th Year,Connected
RA2311028010185,Cloud Computing,4th Year,Connected
RA2311028010186,Cloud Computing,4th Year,Connected
RA2311028010187,Cloud Computing,4th Year,Connected
RA2311028010188,Cloud Computing,4th Year,Connected
RA2311028010189,Cloud Computing,4th Year,Connected
RA2311028010190,Cloud Computing,4th Year,Connected
RA2311028010191,Cloud Computing,4th Year,Connected
RA2311028010192,Cloud Computing,4th Year,Connected
RA2311028010193,Cloud Computing,4th Year,Connected
RA2311028010194,Cloud Computing,4th Year,Connected
RA2311028010195,Cloud Computing,4th Year,Connected
RA2311028010196,Cloud Computing,4th Year,Connected
RA2311028010197,Cloud Computing,4th Year,Connected
RA2311028010198,Cloud Computing,4th Year,Connected
RA2311028010199,Cloud Computing,4th Year,Connected
RA2311028010200,Cloud Computing,4th Year,Connected
RA2311028010201,Cloud Computing,4th Year,Connected
RA2311028010202,Cloud Computing,4th Year,Connected
RA2311028010203,Cloud Computing,4th Year,Connected
RA2311028010204,Cloud Computing,4th Year,Structurally Isolated
RA2311028010205,Cloud Computing,4th Year,Connected
RA2411028010206,Cloud Computing,3rd Year,Connected
RA2411028010207,Cloud Computing,3rd Year,Connected
RA2411028010208,Cloud Computing,3rd Year,Connected
RA2411028010209,Cloud Computing,3rd Year,Connected
RA2411028010210,Cloud Computing,3rd Year,Connected
RA2411028010211,Cloud Computing,3rd Year,Connected
RA2411028010212,Cloud Computing,3rd Year,Connected
RA2411028010213,Cloud Computing,3rd Year,Connected
RA2411028010214,Cloud Computing,3rd Year,Connected
RA2411028010215,Cloud Computing,3rd Year,Connected
RA2411028010216,Cloud Computing,3rd Year,Connected
RA2411028010217,Cloud Computing,3rd Year,Connected
RA2411028010218,Cloud Computing,3rd Year,Connected
RA2411028010219,Cloud Computing,3rd Year,Connected
RA2411028010220,Cloud Computing,3rd Year,Connected
RA2411028010221,Cloud Computing,3rd Year,Connected
RA2411028010222,Cloud Computing,3rd Year,Connected
RA2411028010223,Cloud Computing,3rd Year,Connected
RA2411028010224,Cloud Computing,3rd Year,Structurally Isolated
RA2411028010225,Cloud Computing,3rd Year,Connected
RA2411028010226,Cloud Computing,3rd Year,Structurally Isolated
RA2411028010227,Cloud Computing,3rd Year,Connected
RA2411028010228,Cloud Computing,3rd Year,Connected
RA2511028010229,Cloud Computing,2nd Year,Structurally Isolated
RA2511028010230,Cloud Computing,2nd Year,Connected
RA2511028010231,Cloud Computing,2nd Year,Connected
RA2511028010232,Cloud Computing,2nd Year,Connected
RA2511028010233,Cloud Computing,2nd Year,Connected
RA2511028010234,Cloud Computing,2nd Year,Connected
RA2511028010235,Cloud Computing,2nd Year,Connected
RA2511028010236,Cloud Computing,2nd Year,Connected
RA2511028010237,Cloud Computing,2nd Year,Connected
RA2511028010238,Cloud Computing,2nd Year,Connected
RA2511028010239,Cloud Computing,2nd Year,Structurally Isolated
RA2511028010240,Cloud Computing,2nd Year,Connected
RA2511028010241,Cloud Computing,2nd Year,Connected
RA2511028010242,Cloud Computing,2nd Year,Connected
RA2511028010243,Cloud Computing,2nd Year,Connected
RA2511028010244,Cloud Computing,2nd Year,Connected
RA2511028010245,Cloud Computing,2nd Year,Connected
RA2511028010246,Cloud Computing,2nd Year,Connected
RA2511028010247,Cloud Computing,2nd Year,Connected
RA2511028010248,Cloud Computing,2nd Year,Connected
RA2511028010249,Cloud Computing,2nd Year,Connected
RA2511028010250,Cloud Computing,2nd Year,Connected
RA2611028010251,Cloud Computing,1st Year,Structurally Isolated
RA2611028010252,Cloud Computing,1st Year,Connected
RA2611028010253,Cloud Computing,1st Year,Connected
RA2611028010254,Cloud Computing,1st Year,Connected
RA2611028010255,Cloud Computing,1st Year,Connected
RA2611028010256,Cloud Computing,1st Year,Connected
RA2611028010257,Cloud Computing,1st Year,Connected
RA2611028010258,Cloud Computing,1st Year,Connected
RA2611028010259,Cloud Computing,1st Year,Connected
RA2611028010260,Cloud Computing,1st Year,Connected
RA2611028010261,Cloud Computing,1st Year,Connected
RA2611028010262,Cloud Computing,1st Year,Connected
RA2611028010263,Cloud Computing,1st Year,Connected
RA2611028010264,Cloud Computing,1st Year,Connected
RA2611028010265,Cloud Computing,1st Year,Connected
RA2611028010266,Cloud Computing,1st Year,Connected
RA2611028010267,Cloud Computing,1st Year,Connected
RA2611028010268,Cloud Computing,1st Year,Connected
RA2611028010269,Cloud Computing,1st Year,Connected
RA2611028010270,Cloud Computing,1st Year,Connected
RA2611028010271,Cloud Computing,1st Year,Connected
RA2611028010272,Cloud Computing,1st Year,Connected
RA2611028010273,Cloud Computing,1st Year,Connected
RA2311029010274,Cybersecurity,4th Year,Connected
RA2311029010275,Cybersecurity,4th Year,Connected
RA2311029010276,Cybersecurity,4th Year,Connected
RA2311029010277,Cybersecurity,4th Year,Connected
RA2311029010278,Cybersecurity,4th Year,Connected
RA2311029010279,Cybersecurity,4th Year,Connected
RA2311029010280,Cybersecurity,4th Year,Connected
RA2311029010281,Cybersecurity,4th Year,Connected
RA2311029010282,Cybersecurity,4th Year,Structurally Isolated
RA2311029010283,Cybersecurity,4th Year,Connected
RA2311029010284,Cybersecurity,4th Year,Connected
RA2311029010285,Cybersecurity,4th Year,Structurally Isolated
RA2311029010286,Cybersecurity,4th Year,Connected
RA2311029010287,Cybersecurity,4th Year,Connected
RA2311029010288,Cybersecurity,4th Year,Connected
RA2311029010289,Cybersecurity,4th Year,Connected
RA2311029010290,Cybersecurity,4th Year,Connected
RA2311029010291,Cybersecurity,4th Year,Connected
RA2311029010292,Cybersecurity,4th Year,Connected
RA2311029010293,Cybersecurity,4th Year,Connected
RA2311029010294,Cybersecurity,4th Year,Connected
RA2311029010295,Cybersecurity,4th Year,Connected
RA2311029010296,Cybersecurity,4th Year,Connected
RA2411029010297,Cybersecurity,3rd Year,Connected
RA2411029010298,Cybersecurity,3rd Year,Connected
RA2411029010299,Cybersecurity,3rd Year,Connected
RA2411029010300,Cybersecurity,3rd Year,Connected
RA2411029010301,Cybersecurity,3rd Year,Connected
RA2411029010302,Cybersecurity,3rd Year,Connected
RA2411029010303,Cybersecurity,3rd Year,Connected
RA2411029010304,Cybersecurity,3rd Year,Connected
RA2411029010305,Cybersecurity,3rd Year,Connected
RA2411029010306,Cybersecurity,3rd Year,Connected
RA2411029010307,Cybersecurity,3rd Year,Connected
RA2411029010308,Cybersecurity,3rd Year,Connected
RA2411029010309,Cybersecurity,3rd Year,Connected
RA2411029010310,Cybersecurity,3rd Year,Connected
RA2411029010311,Cybersecurity,3rd Year,Connected
RA2411029010312,Cybersecurity,3rd Year,Connected
RA2411029010313,Cybersecurity,3rd Year,Connected
RA2411029010314,Cybersecurity,3rd Year,Connected
RA2411029010315,Cybersecurity,3rd Year,Connected
RA2411029010316,Cybersecurity,3rd Year,Connected
RA2411029010317,Cybersecurity,3rd Year,Connected
RA2411029010318,Cybersecurity,3rd Year,Connected
RA2511029010319,Cybersecurity,2nd Year,Connected
RA2511029010320,Cybersecurity,2nd Year,Connected
RA2511029010321,Cybersecurity,2nd Year,Connected
RA2511029010322,Cybersecurity,2nd Year,Connected
RA2511029010323,Cybersecurity,2nd Year,Connected
RA2511029010324,Cybersecurity,2nd Year,Connected
RA2511029010325,Cybersecurity,2nd Year,Connected
RA2511029010326,Cybersecurity,2nd Year,Connected
RA2511029010327,Cybersecurity,2nd Year,Connected
RA2511029010328,Cybersecurity,2nd Year,Connected
RA2511029010329,Cybersecurity,2nd Year,Connected
RA2511029010330,Cybersecurity,2nd Year,Connected
RA2511029010331,Cybersecurity,2nd Year,Connected
RA2511029010332,Cybersecurity,2nd Year,Connected
RA2511029010333,Cybersecurity,2nd Year,Connected
RA2511029010334,Cybersecurity,2nd Year,Connected
RA2511029010335,Cybersecurity,2nd Year,Connected
RA2511029010336,Cybersecurity,2nd Year,Connected
RA2511029010337,Cybersecurity,2nd Year,Connected
RA2511029010338,Cybersecurity,2nd Year,Connected
RA2511029010339,Cybersecurity,2nd Year,Connected
RA2511029010340,Cybersecurity,2nd Year,Connected
RA2511029010341,Cybersecurity,2nd Year,Connected
RA2611029010342,Cybersecurity,1st Year,Connected
RA2611029010343,Cybersecurity,1st Year,Connected
RA2611029010344,Cybersecurity,1st Year,Connected
RA2611029010345,Cybersecurity,1st Year,Connected
RA2611029010346,Cybersecurity,1st Year,Connected
RA2611029010347,Cybersecurity,1st Year,Connected
RA2611029010348,Cybersecurity,1st Year,Connected
RA2611029010349,Cybersecurity,1st Year,Connected
RA2611029010350,Cybersecurity,1st Year,Connected
RA2611029010351,Cybersecurity,1st Year,Connected
RA2611029010352,Cybersecurity,1st Year,Connected
RA2611029010353,Cybersecurity,1st Year,Connected
RA2611029010354,Cybersecurity,1st Year,Connected
RA2611029010355,Cybersecurity,1st Year,Connected
RA2611029010356,Cybersecurity,1st Year,Connected
RA2611029010357,Cybersecurity,1st Year,Connected
RA2611029010358,Cybersecurity,1st Year,Connected
RA2611029010359,Cybersecurity,1st Year,Connected
RA2611029010360,Cybersecurity,1st Year,Connected
RA2611029010361,Cybersecurity,1st Year,Connected
RA2611029010362,Cybersecurity,1st Year,Connected
RA2611029010363,Cybersecurity,1st Year,Connected
RA2311030010364,Information Technology,4th Year,Connected
RA2311030010365,Information Technology,4th Year,Connected
RA2311030010366,Information Technology,4th Year,Connected
RA2311030010367,Information Technology,4th Year,Connected
RA2311030010368,Information Technology,4th Year,Connected
RA2311030010369,Information Technology,4th Year,Connected
RA2311030010370,Information Technology,4th Year,Connected
RA2311030010371,Information Technology,4th Year,Connected
RA2311030010372,Information Technology,4th Year,Connected
RA2311030010373,Information Technology,4th Year,Connected
RA2311030010374,Information Technology,4th Year,Connected
RA2311030010375,Information Technology,4th Year,Connected
RA2311030010376,Information Technology,4th Year,Connected
RA2311030010377,Information Technology,4th Year,Connected
RA2311030010378,Information Technology,4th Year,Connected
RA2311030010379,Information Technology,4th Year,Connected
RA2311030010380,Information Technology,4th Year,Connected
RA2311030010381,Information Technology,4th Year,Connected
RA2311030010382,Information Technology,4th Year,Connected
RA2311030010383,Information Technology,4th Year,Connected
RA2311030010384,Information Technology,4th Year,Connected
RA2311030010385,Information Technology,4th Year,Connected
RA2311030010386,Information Technology,4th Year,Connected
RA2411030010387,Information Technology,3rd Year,Connected
RA2411030010388,Information Technology,3rd Year,Connected
RA2411030010389,Information Technology,3rd Year,Connected
RA2411030010390,Information Technology,3rd Year,Connected
RA2411030010391,Information Technology,3rd Year,Connected
RA2411030010392,Information Technology,3rd Year,Connected
RA2411030010393,Information Technology,3rd Year,Connected
RA2411030010394,Information Technology,3rd Year,Connected
RA2411030010395,Information Technology,3rd Year,Connected
RA2411030010396,Information Technology,3rd Year,Connected
RA2411030010397,Information Technology,3rd Year,Connected
RA2411030010398,Information Technology,3rd Year,Connected
RA2411030010399,Information Technology,3rd Year,Connected
RA2411030010400,Information Technology,3rd Year,Connected
RA2411030010401,Information Technology,3rd Year,Connected
RA2411030010402,Information Technology,3rd Year,Connected
RA2411030010403,Information Technology,3rd Year,Connected
RA2411030010404,Information Technology,3rd Year,Connected
RA2411030010405,Information Technology,3rd Year,Connected
RA2411030010406,Information Technology,3rd Year,Connected
RA2411030010407,Information Technology,3rd Year,Connected
RA2411030010408,Information Technology,3rd Year,Connected
RA2511030010409,Information Technology,2nd Year,Connected
RA2511030010410,Information Technology,2nd Year,Connected
RA2511030010411,Information Technology,2nd Year,Connected
RA2511030010412,Information Technology,2nd Year,Connected
RA2511030010413,Information Technology,2nd Year,Connected
RA2511030010414,Information Technology,2nd Year,Connected
RA2511030010415,Information Technology,2nd Year,Connected
RA2511030010416,Information Technology,2nd Year,Connected
RA2511030010417,Information Technology,2nd Year,Connected
RA2511030010418,Information Technology,2nd Year,Connected
RA2511030010419,Information Technology,2nd Year,Connected
RA2511030010420,Information Technology,2nd Year,Connected
RA2511030010421,Information Technology,2nd Year,Connected
RA2511030010422,Information Technology,2nd Year,Connected
RA2511030010423,Information Technology,2nd Year,Connected
RA2511030010424,Information Technology,2nd Year,Connected
RA2511030010425,Information Technology,2nd Year,Connected
RA2511030010426,Information Technology,2nd Year,Connected
RA2511030010427,Information Technology,2nd Year,Connected
RA2511030010428,Information Technology,2nd Year,Connected
RA2511030010429,Information Technology,2nd Year,Connected
RA2511030010430,Information Technology,2nd Year,Structurally Isolated
RA2611030010431,Information Technology,1st Year,Connected
RA2611030010432,Information Technology,1st Year,Connected
RA2611030010433,Information Technology,1st Year,Structurally Isolated
RA2611030010434,Information Technology,1st Year,Connected
RA2611030010435,Information Technology,1st Year,Connected
RA2611030010436,Information Technology,1st Year,Connected
RA2611030010437,Information Technology,1st Year,Connected
RA2611030010438,Information Technology,1st Year,Connected
RA2611030010439,Information Technology,1st Year,Connected
RA2611030010440,Information Technology,1st Year,Connected
RA2611030010441,Information Technology,1st Year,Connected
RA2611030010442,Information Technology,1st Year,Connected
RA2611030010443,Information Technology,1st Year,Connected
RA2611030010444,Information Technology,1st Year,Connected
RA2611030010445,Information Technology,1st Year,Connected
RA2611030010446,Information Technology,1st Year,Connected
RA2611030010447,Information Technology,1st Year,Connected
RA2611030010448,Information Technology,1st Year,Connected
RA2611030010449,Information Technology,1st Year,Connected
RA2611030010450,Information Technology,1st Year,Connected
RA2611030010451,Information Technology,1st Year,Connected
RA2611030010452,Information Technology,1st Year,Connected
RA2611030010453,Information Technology,1st Year,Connected
RA2311054010454,Data Science,4th Year,Connected
RA2311054010455,Data Science,4th Year,Connected
RA2311054010456,Data Science,4th Year,Connected
RA2311054010457,Data Science,4th Year,Connected
RA2311054010458,Data Science,4th Year,Connected
RA2311054010459,Data Science,4th Year,Connected
RA2311054010460,Data Science,4th Year,Structurally Isolated
RA2311054010461,Data Science,4th Year,Connected
RA2311054010462,Data Science,4th Year,Connected
RA2311054010463,Data Science,4th Year,Connected
RA2311054010464,Data Science,4th Year,Connected
RA2311054010465,Data Science,4th Year,Connected
RA2311054010466,Data Science,4th Year,Connected
RA2311054010467,Data Science,4th Year,Connected
RA2311054010468,Data Science,4th Year,Connected
RA2311054010469,Data Science,4th Year,Connected
RA2311054010470,Data Science,4th Year,Connected
RA2311054010471,Data Science,4th Year,Connected
RA2311054010472,Data Science,4th Year,Connected
RA2311054010473,Data Science,4th Year,Connected
RA2311054010474,Data Science,4th Year,Connected
RA2311054010475,Data Science,4th Year,Connected
RA2311054010476,Data Science,4th Year,Connected
RA2411054010477,Data Science,3rd Year,Connected
RA2411054010478,Data Science,3rd Year,Connected
RA2411054010479,Data Science,3rd Year,Connected
RA2411054010480,Data Science,3rd Year,Connected
RA2411054010481,Data Science,3rd Year,Connected
RA2411054010482,Data Science,3rd Year,Connected
RA2411054010483,Data Science,3rd Year,Connected
RA2411054010484,Data Science,3rd Year,Connected
RA2411054010485,Data Science,3rd Year,Connected
RA2411054010486,Data Science,3rd Year,Connected
RA2411054010487,Data Science,3rd Year,Connected
RA2411054010488,Data Science,3rd Year,Connected
RA2411054010489,Data Science,3rd Year,Connected
RA2411054010490,Data Science,3rd Year,Connected
RA2411054010491,Data Science,3rd Year,Connected
RA2411054010492,Data Science,3rd Year,Connected
RA2411054010493,Data Science,3rd Year,Connected
RA2411054010494,Data Science,3rd Year,Connected
RA2411054010495,Data Science,3rd Year,Connected
RA2411054010496,Data Science,3rd Year,Connected
RA2411054010497,Data Science,3rd Year,Connected
RA2411054010498,Data Science,3rd Year,Connected
RA2511054010499,Data Science,2nd Year,Connected
RA2511054010500,Data Science,2nd Year,Connected
RA2511054010501,Data Science,2nd Year,Connected
RA2511054010502,Data Science,2nd Year,Connected
RA2511054010503,Data Science,2nd Year,Connected
RA2511054010504,Data Science,2nd Year,Connected
RA2511054010505,Data Science,2nd Year,Connected
RA2511054010506,Data Science,2nd Year,Connected
RA2511054010507,Data Science,2nd Year,Connected
RA2511054010508,Data Science,2nd Year,Connected
RA2511054010509,Data Science,2nd Year,Connected
RA2511054010510,Data Science,2nd Year,Connected
RA2511054010511,Data Science,2nd Year,Connected
RA2511054010512,Data Science,2nd Year,Connected
RA2511054010513,Data Science,2nd Year,Connected
RA2511054010514,Data Science,2nd Year,Connected
RA2511054010515,Data Science,2nd Year,Connected
RA2511054010516,Data Science,2nd Year,Connected
RA2511054010517,Data Science,2nd Year,Connected
RA2511054010518,Data Science,2nd Year,Structurally Isolated
RA2511054010519,Data Science,2nd Year,Connected
RA2511054010520,Data Science,2nd Year,Connected
RA2511054010521,Data Science,2nd Year,Connected
RA2611054010522,Data Science,1st Year,Connected
RA2611054010523,Data Science,1st Year,Connected
RA2611054010524,Data Science,1st Year,Connected
RA2611054010525,Data Science,1st Year,Connected
RA2611054010526,Data Science,1st Year,Connected
RA2611054010527,Data Science,1st Year,Connected
RA2611054010528,Data Science,1st Year,Connected
RA2611054010529,Data Science,1st Year,Connected
RA2611054010530,Data Science,1st Year,Connected
RA2611054010531,Data Science,1st Year,Connected
RA2611054010532,Data Science,1st Year,Connected
RA2611054010533,Data Science,1st Year,Connected
RA2611054010534,Data Science,1st Year,Connected
RA2611054010535,Data Science,1st Year,Connected
RA2611054010536,Data Science,1st Year,Connected
RA2611054010537,Data Science,1st Year,Connected
RA2611054010538,Data Science,1st Year,Connected
RA2611054010539,Data Science,1st Year,Connected
RA2611054010540,Data Science,1st Year,Connected
RA2611054010541,Data Science,1st Year,Connected
RA2611054010542,Data Science,1st Year,Connected
RA2611054010543,Data Science,1st Year,Connected
RA2311056010544,AIML,4th Year,Connected
RA2311056010545,AIML,4th Year,Connected
RA2311056010546,AIML,4th Year,Connected
RA2311056010547,AIML,4th Year,Connected
RA2311056010548,AIML,4th Year,Connected
RA2311056010549,AIML,4th Year,Connected
RA2311056010550,AIML,4th Year,Connected
RA2311056010551,AIML,4th Year,Connected
RA2311056010552,AIML,4th Year,Connected
RA2311056010553,AIML,4th Year,Connected
RA2311056010554,AIML,4th Year,Connected
RA2311056010555,AIML,4th Year,Connected
RA2311056010556,AIML,4th Year,Connected
RA2311056010557,AIML,4th Year,Connected
RA2311056010558,AIML,4th Year,Connected
RA2311056010559,AIML,4th Year,Structurally Isolated
RA2311056010560,AIML,4th Year,Connected
RA2311056010561,AIML,4th Year,Connected
RA2311056010562,AIML,4th Year,Connected
RA2311056010563,AIML,4th Year,Connected
RA2311056010564,AIML,4th Year,Connected
RA2311056010565,AIML,4th Year,Connected
RA2311056010566,AIML,4th Year,Connected
RA2411056010567,AIML,3rd Year,Connected
RA2411056010568,AIML,3rd Year,Connected
RA2411056010569,AIML,3rd Year,Connected
RA2411056010570,AIML,3rd Year,Connected
RA2411056010571,AIML,3rd Year,Connected
RA2411056010572,AIML,3rd Year,Connected
RA2411056010573,AIML,3rd Year,Connected
RA2411056010574,AIML,3rd Year,Connected
RA2411056010575,AIML,3rd Year,Structurally Isolated
RA2411056010576,AIML,3rd Year,Connected
RA2411056010577,AIML,3rd Year,Connected
RA2411056010578,AIML,3rd Year,Connected
RA2411056010579,AIML,3rd Year,Connected
RA2411056010580,AIML,3rd Year,Connected
RA2411056010581,AIML,3rd Year,Connected
RA2411056010582,AIML,3rd Year,Connected
RA2411056010583,AIML,3rd Year,Connected
RA2411056010584,AIML,3rd Year,Connected
RA2411056010585,AIML,3rd Year,Connected
RA2411056010586,AIML,3rd Year,Connected
RA2411056010587,AIML,3rd Year,Connected
RA2411056010588,AIML,3rd Year,Connected
RA2411056010589,AIML,3rd Year,Connected
RA2411056010590,AIML,3rd Year,Connected
RA2511056010591,AIML,2nd Year,Connected
RA2511056010592,AIML,2nd Year,Connected
RA2511056010593,AIML,2nd Year,Connected
RA2511056010594,AIML,2nd Year,Connected
RA2511056010595,AIML,2nd Year,Connected
RA2511056010596,AIML,2nd Year,Connected
RA2511056010597,AIML,2nd Year,Connected
RA2511056010598,AIML,2nd Year,Connected
RA2511056010599,AIML,2nd Year,Connected
RA2511056010600,AIML,2nd Year,Connected
RA2511056010601,AIML,2nd Year,Connected
RA2511056010602,AIML,2nd Year,Connected
RA2511056010603,AIML,2nd Year,Connected
RA2511056010604,AIML,2nd Year,Structurally Isolated
RA2511056010605,AIML,2nd Year,Structurally Isolated
RA2511056010606,AIML,2nd Year,Connected
RA2511056010607,AIML,2nd Year,Connected
RA2511056010608,AIML,2nd Year,Connected
RA2511056010609,AIML,2nd Year,Connected
RA2511056010610,AIML,2nd Year,Connected
RA2511056010611,AIML,2nd Year,Connected
RA2511056010612,AIML,2nd Year,Connected
RA2511056010613,AIML,2nd Year,Connected
RA2611056010614,AIML,1st Year,Connected
RA2611056010615,AIML,1st Year,Connected
RA2611056010616,AIML,1st Year,Connected
RA2611056010617,AIML,1st Year,Structurally Isolated
RA2611056010618,AIML,1st Year,Connected
RA2611056010619,AIML,1st Year,Connected
RA2611056010620,AIML,1st Year,Connected
RA2611056010621,AIML,1st Year,Connected
RA2611056010622,AIML,1st Year,Connected
RA2611056010623,AIML,1st Year,Connected
RA2611056010624,AIML,1st Year,Connected
RA2611056010625,AIML,1st Year,Connected
RA2611056010626,AIML,1st Year,Connected
RA2611056010627,AIML,1st Year,Connected
RA2611056010628,AIML,1st Year,Connected
RA2611056010629,AIML,1st Year,Connected
RA2611056010630,AIML,1st Year,Connected
RA2611056010631,AIML,1st Year,Connected
RA2611056010632,AIML,1st Year,Connected
RA2611056010633,AIML,1st Year,Connected
RA2611056010634,AIML,1st Year,Connected
RA2611056010635,AIML,1st Year,Connected
RA2611056010636,AIML,1st Year,Connected
