registration_number,department,year,degree,degree_centrality,betweenness_centrality,closeness_centrality,pagerank,influence_score,influence_rank,community_id,role,network_status
RA2511003010069,CSE Core,2nd Year,30,0.047244,0.009032,0.363615,0.0028,0.9972,1,C1,High Influence,Connected
RA2511054010508,Data Science,2nd Year,27,0.04252,0.008574,0.363843,0.002648,0.9237,2,C6,High Influence,Connected
RA2411056010570,AIML,3rd Year,26,0.040945,0.009099,0.354752,0.002195,0.8562,3,C7,High Influence,Connected
RA2411054010477,Data Science,3rd Year,26,0.040945,0.007207,0.351115,0.002688,0.8349,4,C6,High Influence,Connected
RA2311028010184,Cloud Computing,4th Year,24,0.037795,0.008842,0.360463,0.002011,0.8145,5,C3,High Influence,Connected
RA2511003010059,CSE Core,2nd Year,26,0.040945,0.007665,0.36024,0.002106,0.813,6,C1,High Influence,Connected
RA2511003010049,CSE Core,2nd Year,23,0.03622,0.007962,0.362935,0.002021,0.7782,7,C1,High Influence,Connected
RA2611027010175,Big Data Analytics,1st Year,23,0.03622,0.007172,0.351327,0.002546,0.7766,8,C2,High Influence,Connected
RA2511029010324,Cybersecurity,2nd Year,25,0.03937,0.008033,0.353245,0.001797,0.7607,9,C4,High Influence,Connected
RA2411027010127,Big Data Analytics,3rd Year,23,0.03622,0.008365,0.346311,0.002115,0.7586,10,C2,High Influence,Connected
RA2311028010185,Cloud Computing,4th Year,21,0.033071,0.006986,0.361134,0.002383,0.7501,11,C3,High Influence,Connected
RA2511054010499,Data Science,2nd Year,23,0.03622,0.006749,0.360687,0.002178,0.7482,12,C6,High Influence,Connected
RA2311003010021,CSE Core,4th Year,22,0.034646,0.008279,0.361134,0.001794,0.7461,13,C1,High Influence,Connected
RA2311054010468,Data Science,4th Year,23,0.03622,0.006065,0.349429,0.002516,0.7315,14,C6,High Influence,Connected
RA2511030010427,Information Technology,2nd Year,23,0.03622,0.007015,0.343248,0.002356,0.7307,15,C5,High Influence,Connected
RA2511029010328,Cybersecurity,2nd Year,22,0.034646,0.007501,0.352177,0.002107,0.7297,16,C4,Bridge Broker,Connected
RA2611056010634,AIML,1st Year,24,0.037795,0.005696,0.345899,0.002556,0.7285,17,C7,Bridge Broker,Connected
RA2511028010243,Cloud Computing,2nd Year,21,0.033071,0.007104,0.345079,0.002522,0.7271,18,C3,Bridge Broker,Connected
RA2511003010060,CSE Core,2nd Year,23,0.03622,0.005423,0.355185,0.002529,0.7262,19,C1,Bridge Broker,Connected
RA2511028010247,Cloud Computing,2nd Year,21,0.033071,0.008547,0.353245,0.001772,0.7182,20,C3,Bridge Broker,Connected
RA2611003010087,CSE Core,1st Year,23,0.03622,0.004801,0.351751,0.002558,0.6996,21,C1,Bridge Broker,Connected
RA2511056010597,AIML,2nd Year,22,0.034646,0.007385,0.351539,0.001863,0.6986,22,C7,Bridge Broker,Connected
RA2511056010613,AIML,2nd Year,24,0.037795,0.005171,0.351539,0.002252,0.6937,23,C7,Bridge Broker,Connected
RA2511003010057,CSE Core,2nd Year,25,0.03937,0.004971,0.349638,0.002169,0.6877,24,C1,Bridge Broker,Connected
RA2311029010296,Cybersecurity,4th Year,22,0.034646,0.005491,0.346723,0.002452,0.6843,25,C4,Bridge Broker,Connected
RA2611029010346,Cybersecurity,1st Year,22,0.034646,0.007185,0.355185,0.001697,0.684,26,C4,Bridge Broker,Connected
RA2311029010295,Cybersecurity,4th Year,22,0.034646,0.006456,0.357585,0.001804,0.677,27,C4,Bridge Broker,Connected
RA2411003010025,CSE Core,3rd Year,21,0.033071,0.007196,0.358686,0.001674,0.6767,28,C1,Bridge Broker,Connected
RA2311029010274,Cybersecurity,4th Year,23,0.03622,0.005371,0.355185,0.002066,0.6761,29,C4,Bridge Broker,Connected
RA2511029010322,Cybersecurity,2nd Year,24,0.037795,0.00462,0.342642,0.002469,0.675,30,C4,Core Connector,Connected
RA2411028010221,Cloud Computing,3rd Year,21,0.033071,0.006694,0.345694,0.002126,0.6736,31,C3,Bridge Broker,Connected
RA2411054010481,Data Science,3rd Year,23,0.03622,0.00687,0.347551,0.001736,0.6721,32,C6,Bridge Broker,Connected
RA2311029010275,Cybersecurity,4th Year,20,0.031496,0.006823,0.358025,0.001859,0.6676,33,C4,Bridge Broker,Connected
RA2311056010555,AIML,4th Year,20,0.031496,0.007317,0.351539,0.001843,0.6657,34,C7,Bridge Broker,Connected
RA2311003010020,CSE Core,4th Year,22,0.034646,0.005813,0.358686,0.001866,0.6648,35,C1,Bridge Broker,Connected
RA2411003010041,CSE Core,3rd Year,22,0.034646,0.003571,0.352817,0.002723,0.6641,36,C1,Core Connector,Connected
RA2511030010413,Information Technology,2nd Year,21,0.033071,0.006075,0.344466,0.002234,0.661,37,C5,Bridge Broker,Connected
RA2311003010006,CSE Core,4th Year,21,0.033071,0.005631,0.357146,0.002062,0.6609,38,C1,Bridge Broker,Connected
RA2311028010183,Cloud Computing,4th Year,22,0.034646,0.006154,0.349219,0.001914,0.6568,39,C3,Bridge Broker,Connected
RA2311029010287,Cybersecurity,4th Year,24,0.037795,0.005003,0.35048,0.001968,0.6557,40,C4,Bridge Broker,Connected
RA2611056010625,AIML,1st Year,20,0.031496,0.006197,0.344874,0.002255,0.654,41,C7,Bridge Broker,Connected
RA2611054010525,Data Science,1st Year,22,0.034646,0.006522,0.349429,0.001742,0.6516,42,C6,Bridge Broker,Connected
RA2511027010147,Big Data Analytics,2nd Year,21,0.033071,0.006879,0.343045,0.001918,0.6512,43,C2,Bridge Broker,Connected
RA2311028010201,Cloud Computing,4th Year,22,0.034646,0.005693,0.345694,0.002082,0.6498,44,C3,Bridge Broker,Connected
RA2311054010469,Data Science,4th Year,22,0.034646,0.005361,0.354968,0.001934,0.6471,45,C6,Bridge Broker,Connected
RA2511030010409,Information Technology,2nd Year,21,0.033071,0.006873,0.337673,0.001994,0.6451,46,C5,Bridge Broker,Connected
RA2311030010365,Information Technology,4th Year,20,0.031496,0.005582,0.34004,0.002485,0.645,47,C5,Bridge Broker,Connected
RA2511056010599,AIML,2nd Year,20,0.031496,0.006594,0.346105,0.001984,0.6422,48,C7,Bridge Broker,Connected
RA2611027010169,Big Data Analytics,1st Year,20,0.031496,0.007391,0.344263,0.001739,0.6385,49,C2,Bridge Broker,Connected
RA2411027010117,Big Data Analytics,3rd Year,22,0.034646,0.005378,0.332656,0.002384,0.6371,50,C2,Bridge Broker,Connected
RA2511054010519,Data Science,2nd Year,19,0.029921,0.007431,0.354536,0.001577,0.6352,51,C6,Bridge Broker,Connected
RA2411003010039,CSE Core,3rd Year,20,0.031496,0.004488,0.349849,0.00244,0.629,52,C1,Core Connector,Connected
RA2311030010381,Information Technology,4th Year,22,0.034646,0.005353,0.347967,0.001913,0.6266,53,C5,Bridge Broker,Connected
RA2611027010179,Big Data Analytics,1st Year,21,0.033071,0.005487,0.344059,0.002083,0.6245,54,C2,Bridge Broker,Connected
RA2611030010453,Information Technology,1st Year,22,0.034646,0.005877,0.339445,0.00191,0.6218,55,C5,Bridge Broker,Connected
RA2611054010541,Data Science,1st Year,21,0.033071,0.005149,0.337673,0.002303,0.6197,56,C6,Bridge Broker,Connected
RA2611003010078,CSE Core,1st Year,19,0.029921,0.00499,0.346311,0.002393,0.6175,57,C1,Bridge Broker,Connected
RA2611029010345,Cybersecurity,1st Year,23,0.03622,0.005144,0.336696,0.00203,0.617,58,C4,Bridge Broker,Connected
RA2311027010100,Big Data Analytics,4th Year,20,0.031496,0.006262,0.341636,0.001954,0.6164,59,C2,Bridge Broker,Connected
RA2411054010495,Data Science,3rd Year,20,0.031496,0.005246,0.34693,0.002142,0.6157,60,C6,Bridge Broker,Connected
RA2611028010262,Cloud Computing,1st Year,24,0.037795,0.003888,0.331708,0.002378,0.6127,61,C3,Core Connector,Connected
RA2611030010442,Information Technology,1st Year,21,0.033071,0.00632,0.339445,0.001813,0.6122,62,C5,Bridge Broker,Connected
RA2411056010579,AIML,3rd Year,22,0.034646,0.00435,0.337282,0.002344,0.6105,63,C7,Core Connector,Connected
RA2311054010475,Data Science,4th Year,19,0.029921,0.006091,0.345079,0.001995,0.6096,64,C6,Bridge Broker,Connected
RA2611027010176,Big Data Analytics,1st Year,22,0.034646,0.00475,0.342239,0.002066,0.6076,65,C2,Bridge Broker,Connected
RA2311003010009,CSE Core,4th Year,20,0.031496,0.005661,0.34244,0.002011,0.6043,66,C1,Bridge Broker,Connected
RA2411029010303,Cybersecurity,3rd Year,20,0.031496,0.006248,0.354536,0.001507,0.6025,67,C4,Bridge Broker,Connected
RA2311029010292,Cybersecurity,4th Year,23,0.03622,0.003923,0.348592,0.001982,0.6018,68,C4,Core Connector,Connected
RA2311056010557,AIML,4th Year,23,0.03622,0.005418,0.339841,0.001702,0.6,69,C7,Bridge Broker,Connected
RA2411003010043,CSE Core,3rd Year,22,0.034646,0.00518,0.35239,0.001571,0.5965,70,C1,Bridge Broker,Connected
RA2611003010077,CSE Core,1st Year,20,0.031496,0.005638,0.351751,0.001708,0.5959,71,C1,Bridge Broker,Connected
RA2311054010465,Data Science,4th Year,22,0.034646,0.003803,0.343653,0.002212,0.5948,72,C6,Core Connector,Connected
RA2311003010019,CSE Core,4th Year,21,0.033071,0.004094,0.357146,0.001886,0.591,73,C1,Core Connector,Connected
RA2411003010024,CSE Core,3rd Year,21,0.033071,0.004738,0.348383,0.001894,0.5908,74,C1,Bridge Broker,Connected
RA2611054010526,Data Science,1st Year,21,0.033071,0.004555,0.345284,0.002008,0.5886,75,C6,Core Connector,Connected
RA2411056010567,AIML,3rd Year,21,0.033071,0.004392,0.341436,0.002143,0.5873,76,C7,Core Connector,Connected
RA2611028010255,Cloud Computing,1st Year,21,0.033071,0.006065,0.339247,0.00166,0.5872,77,C3,Bridge Broker,Connected
RA2511056010596,AIML,2nd Year,22,0.034646,0.004801,0.340637,0.00187,0.5847,78,C7,Bridge Broker,Connected
RA2311054010454,Data Science,4th Year,20,0.031496,0.005619,0.350059,0.001628,0.5825,79,C6,Bridge Broker,Connected
RA2311003010016,CSE Core,4th Year,22,0.034646,0.003789,0.35048,0.001897,0.579,80,C1,Core Connector,Connected
RA2311054010467,Data Science,4th Year,19,0.029921,0.004122,0.340637,0.002422,0.5768,81,C6,Core Connector,Connected
RA2411029010304,Cybersecurity,3rd Year,21,0.033071,0.004402,0.345079,0.001936,0.5754,82,C4,Core Connector,Connected
RA2411003010040,CSE Core,3rd Year,20,0.031496,0.004505,0.351115,0.001855,0.5717,83,C1,Core Connector,Connected
RA2511003010051,CSE Core,2nd Year,21,0.033071,0.00426,0.3488,0.001848,0.5711,84,C1,Core Connector,Connected
RA2311030010373,Information Technology,4th Year,19,0.029921,0.004724,0.338458,0.002228,0.571,85,C5,Bridge Broker,Connected
RA2611030010438,Information Technology,1st Year,22,0.034646,0.004527,0.336113,0.001934,0.5705,86,C5,Core Connector,Connected
RA2511003010050,CSE Core,2nd Year,22,0.034646,0.003978,0.346723,0.001825,0.5681,87,C1,Core Connector,Connected
RA2411054010489,Data Science,3rd Year,21,0.033071,0.004493,0.344059,0.001854,0.5672,88,C6,Core Connector,Connected
RA2311027010097,Big Data Analytics,4th Year,19,0.029921,0.004495,0.336502,0.002272,0.5629,89,C2,Core Connector,Connected
RA2411003010036,CSE Core,3rd Year,22,0.034646,0.003796,0.349849,0.001722,0.5593,90,C1,Core Connector,Connected
RA2311030010369,Information Technology,4th Year,16,0.025197,0.006414,0.35048,0.001672,0.5577,91,C5,Bridge Broker,Connected
RA2611054010530,Data Science,1st Year,22,0.034646,0.003309,0.336891,0.002168,0.5562,92,C6,Core Connector,Connected
RA2511054010501,Data Science,2nd Year,19,0.029921,0.005111,0.345284,0.001789,0.5557,93,C6,Bridge Broker,Connected
RA2611028010259,Cloud Computing,1st Year,21,0.033071,0.004361,0.333418,0.002045,0.5553,94,C3,Core Connector,Connected
RA2311030010367,Information Technology,4th Year,18,0.028346,0.005172,0.339445,0.002045,0.5552,95,C5,Bridge Broker,Connected
RA2311003010022,CSE Core,4th Year,20,0.031496,0.004636,0.353674,0.001572,0.5531,96,C1,Core Connector,Connected
RA2311003010017,CSE Core,4th Year,21,0.033071,0.003883,0.343653,0.001908,0.5514,97,C1,Core Connector,Connected
RA2411056010587,AIML,3rd Year,22,0.034646,0.003391,0.336696,0.002101,0.5514,98,C7,Core Connector,Connected
RA2311003010015,CSE Core,4th Year,17,0.026772,0.004041,0.346311,0.002328,0.5503,99,C1,Member,Connected
RA2611056010628,AIML,1st Year,17,0.026772,0.004912,0.345899,0.002049,0.5493,100,C7,Bridge Broker,Connected
RA2611003010071,CSE Core,1st Year,19,0.029921,0.004383,0.345488,0.001951,0.5488,101,C1,Core Connector,Connected
RA2311029010293,Cybersecurity,4th Year,21,0.033071,0.003831,0.341036,0.001964,0.5488,102,C4,Core Connector,Connected
RA2511003010068,CSE Core,2nd Year,22,0.034646,0.00361,0.346311,0.001759,0.5478,103,C1,Core Connector,Connected
RA2311003010003,CSE Core,4th Year,19,0.029921,0.003694,0.347137,0.002105,0.5461,104,C1,Core Connector,Connected
RA2311030010385,Information Technology,4th Year,20,0.031496,0.005406,0.346723,0.001415,0.5445,105,C5,Bridge Broker,Connected
RA2311030010364,Information Technology,4th Year,20,0.031496,0.004877,0.339247,0.001762,0.5438,106,C5,Bridge Broker,Connected
RA2311028010197,Cloud Computing,4th Year,18,0.028346,0.004324,0.351539,0.001894,0.5422,107,C3,Member,Connected
RA2411028010215,Cloud Computing,3rd Year,21,0.033071,0.003341,0.328711,0.002361,0.542,108,C3,Core Connector,Connected
RA2611003010074,CSE Core,1st Year,20,0.031496,0.00385,0.340637,0.002025,0.5405,109,C1,Core Connector,Connected
RA2511029010334,Cybersecurity,2nd Year,21,0.033071,0.003915,0.337673,0.001938,0.5402,110,C4,Core Connector,Connected
RA2511054010506,Data Science,2nd Year,19,0.029921,0.004718,0.341636,0.001846,0.5391,111,C6,Bridge Broker,Connected
RA2611028010258,Cloud Computing,1st Year,21,0.033071,0.004711,0.334376,0.001744,0.5381,112,C3,Core Connector,Connected
RA2611027010174,Big Data Analytics,1st Year,20,0.031496,0.004244,0.340836,0.001852,0.5361,113,C2,Core Connector,Connected
RA2411028010227,Cloud Computing,3rd Year,19,0.029921,0.005457,0.341636,0.00158,0.5361,114,C3,Bridge Broker,Connected
RA2311030010382,Information Technology,4th Year,20,0.031496,0.00501,0.337673,0.001684,0.536,115,C5,Bridge Broker,Connected
RA2311029010278,Cybersecurity,4th Year,17,0.026772,0.005233,0.347344,0.00178,0.5356,116,C4,Bridge Broker,Connected
RA2511029010341,Cybersecurity,2nd Year,21,0.033071,0.004122,0.340238,0.001758,0.5349,117,C4,Core Connector,Connected
RA2411029010306,Cybersecurity,3rd Year,21,0.033071,0.004359,0.340836,0.001666,0.5348,118,C4,Core Connector,Connected
RA2511054010500,Data Science,2nd Year,23,0.03622,0.003129,0.343653,0.00171,0.534,119,C6,Core Connector,Connected
RA2311028010194,Cloud Computing,4th Year,20,0.031496,0.003975,0.346517,0.001769,0.5331,120,C3,Core Connector,Connected
RA2611029010359,Cybersecurity,1st Year,22,0.034646,0.003127,0.333418,0.002075,0.5314,121,C4,Core Connector,Connected
RA2311030010374,Information Technology,4th Year,18,0.028346,0.004157,0.342038,0.002072,0.5307,122,C5,Member,Connected
RA2411003010035,CSE Core,3rd Year,19,0.029921,0.004695,0.353245,0.001478,0.5299,123,C1,Core Connector,Connected
RA2311028010187,Cloud Computing,4th Year,19,0.029921,0.004711,0.344466,0.001671,0.5279,124,C3,Core Connector,Connected
RA2511003010067,CSE Core,2nd Year,21,0.033071,0.00333,0.344466,0.001836,0.5275,125,C1,Core Connector,Connected
RA2311027010095,Big Data Analytics,4th Year,19,0.029921,0.004873,0.341436,0.001686,0.5271,126,C2,Bridge Broker,Connected
RA2411056010588,AIML,3rd Year,21,0.033071,0.003478,0.341837,0.001832,0.5252,127,C7,Core Connector,Connected
RA2611029010349,Cybersecurity,1st Year,19,0.029921,0.004388,0.340437,0.001844,0.5248,128,C4,Core Connector,Connected
RA2611027010165,Big Data Analytics,1st Year,18,0.028346,0.004884,0.340836,0.001797,0.5232,129,C2,Bridge Broker,Connected
RA2411056010584,AIML,3rd Year,18,0.028346,0.003995,0.340637,0.002065,0.5209,130,C7,Member,Connected
RA2611029010348,Cybersecurity,1st Year,18,0.028346,0.004668,0.340836,0.001843,0.5208,131,C4,Member,Connected
RA2611056010620,AIML,1st Year,20,0.031496,0.003571,0.336307,0.002019,0.5193,132,C7,Core Connector,Connected
RA2411029010316,Cybersecurity,3rd Year,19,0.029921,0.004033,0.334568,0.002039,0.5181,133,C4,Core Connector,Connected
RA2411027010131,Big Data Analytics,3rd Year,19,0.029921,0.002963,0.329456,0.002505,0.5178,134,C2,Core Connector,Connected
RA2411003010038,CSE Core,3rd Year,17,0.026772,0.004592,0.350059,0.001733,0.5163,135,C1,Member,Connected
RA2311029010283,Cybersecurity,4th Year,22,0.034646,0.004098,0.338065,0.001504,0.5163,136,C4,Core Connector,Connected
RA2511054010511,Data Science,2nd Year,19,0.029921,0.003552,0.342239,0.001965,0.5141,137,C6,Core Connector,Connected
RA2511029010326,Cybersecurity,2nd Year,17,0.026772,0.005885,0.342642,0.001454,0.5113,138,C4,Bridge Broker,Connected
RA2611056010615,AIML,1st Year,21,0.033071,0.003631,0.340637,0.001669,0.5102,139,C7,Core Connector,Connected
RA2411054010488,Data Science,3rd Year,21,0.033071,0.003439,0.339841,0.001742,0.5094,140,C6,Core Connector,Connected
RA2611028010271,Cloud Computing,1st Year,21,0.033071,0.003491,0.330954,0.001901,0.5048,141,C3,Core Connector,Connected
RA2311056010548,AIML,4th Year,20,0.031496,0.003673,0.333037,0.001923,0.5043,142,C7,Core Connector,Connected
RA2511056010607,AIML,2nd Year,20,0.031496,0.003591,0.334568,0.001895,0.5025,143,C7,Core Connector,Connected
RA2611003010070,CSE Core,1st Year,17,0.026772,0.005011,0.33905,0.001736,0.5022,144,C1,Bridge Broker,Connected
RA2511027010155,Big Data Analytics,2nd Year,18,0.028346,0.003857,0.338065,0.001991,0.5019,145,C2,Member,Connected
RA2411029010308,Cybersecurity,3rd Year,19,0.029921,0.004068,0.337282,0.001803,0.5016,146,C4,Core Connector,Connected
RA2511027010149,Big Data Analytics,2nd Year,20,0.031496,0.003727,0.332656,0.00188,0.5006,147,C2,Core Connector,Connected
RA2511029010332,Cybersecurity,2nd Year,20,0.031496,0.003122,0.334376,0.00203,0.5004,148,C4,Core Connector,Connected
RA2611056010621,AIML,1st Year,18,0.028346,0.003377,0.332087,0.002246,0.4971,149,C7,Member,Connected
RA2411030010404,Information Technology,3rd Year,17,0.026772,0.005911,0.337086,0.001443,0.4967,150,C5,Bridge Broker,Connected
RA2611027010167,Big Data Analytics,1st Year,19,0.029921,0.003535,0.334568,0.00197,0.4942,151,C2,Core Connector,Connected
RA2411056010577,AIML,3rd Year,19,0.029921,0.004083,0.338458,0.001697,0.4941,152,C7,Core Connector,Connected
RA2611030010445,Information Technology,1st Year,18,0.028346,0.005581,0.331519,0.001521,0.4937,153,C5,Bridge Broker,Connected
RA2311028010202,Cloud Computing,4th Year,20,0.031496,0.003147,0.342038,0.001736,0.4903,154,C3,Core Connector,Connected
RA2311054010462,Data Science,4th Year,18,0.028346,0.003303,0.340238,0.001997,0.4896,155,C6,Member,Connected
RA2411003010030,CSE Core,3rd Year,18,0.028346,0.004303,0.350903,0.001411,0.4894,156,C1,Member,Connected
RA2411029010301,Cybersecurity,3rd Year,20,0.031496,0.003211,0.335919,0.001851,0.4887,157,C4,Core Connector,Connected
RA2511027010139,Big Data Analytics,2nd Year,20,0.031496,0.003784,0.336307,0.001657,0.4886,158,C2,Core Connector,Connected
RA2411056010572,AIML,3rd Year,20,0.031496,0.003763,0.336696,0.001632,0.4863,159,C7,Core Connector,Connected
RA2311028010195,Cloud Computing,4th Year,19,0.029921,0.004067,0.344263,0.001482,0.4861,160,C3,Core Connector,Connected
RA2511054010514,Data Science,2nd Year,20,0.031496,0.002714,0.333992,0.002029,0.4857,161,C6,Core Connector,Connected
RA2311003010013,CSE Core,4th Year,18,0.028346,0.00401,0.350903,0.001458,0.4845,162,C1,Member,Connected
RA2311029010277,Cybersecurity,4th Year,19,0.029921,0.004026,0.339841,0.001531,0.4784,163,C4,Core Connector,Connected
RA2311056010558,AIML,4th Year,17,0.026772,0.004025,0.328526,0.002077,0.4776,164,C7,Member,Connected
RA2311056010545,AIML,4th Year,20,0.031496,0.004206,0.337869,0.001351,0.4748,165,C7,Core Connector,Connected
RA2611054010539,Data Science,1st Year,19,0.029921,0.003339,0.337086,0.001784,0.4747,166,C6,Core Connector,Connected
RA2611030010441,Information Technology,1st Year,18,0.028346,0.005276,0.324859,0.001601,0.4746,167,C5,Bridge Broker,Connected
RA2411029010314,Cybersecurity,3rd Year,19,0.029921,0.003502,0.333037,0.001823,0.4738,168,C4,Core Connector,Connected
RA2411054010480,Data Science,3rd Year,19,0.029921,0.003559,0.34004,0.001626,0.4732,169,C6,Core Connector,Connected
RA2311003010005,CSE Core,4th Year,17,0.026772,0.003749,0.342239,0.001779,0.4727,170,C1,Member,Connected
RA2611054010538,Data Science,1st Year,17,0.026772,0.00355,0.333418,0.002055,0.4721,171,C6,Member,Connected
RA2511027010145,Big Data Analytics,2nd Year,17,0.026772,0.004757,0.342642,0.001438,0.4718,172,C2,Bridge Broker,Connected
RA2611030010448,Information Technology,1st Year,21,0.033071,0.003026,0.327786,0.0018,0.4705,173,C5,Core Connector,Connected
RA2311029010281,Cybersecurity,4th Year,20,0.031496,0.001797,0.337673,0.00208,0.4698,174,C4,Core Connector,Connected
RA2411028010218,Cloud Computing,3rd Year,17,0.026772,0.004157,0.341236,0.001636,0.4688,175,C3,Member,Connected
RA2511054010515,Data Science,2nd Year,18,0.028346,0.003749,0.341236,0.001625,0.4683,176,C6,Member,Connected
RA2311028010192,Cloud Computing,4th Year,18,0.028346,0.003582,0.339445,0.001715,0.4674,177,C3,Member,Connected
RA2511054010517,Data Science,2nd Year,18,0.028346,0.003041,0.339445,0.001888,0.4674,178,C6,Member,Connected
RA2511003010066,CSE Core,2nd Year,19,0.029921,0.002608,0.341636,0.00183,0.4668,179,C1,Core Connector,Connected
RA2311027010114,Big Data Analytics,4th Year,17,0.026772,0.004019,0.334953,0.001808,0.4659,180,C2,Member,Connected
RA2411030010406,Information Technology,3rd Year,22,0.034646,0.00271,0.320213,0.001908,0.4659,181,C5,Core Connector,Connected
RA2511054010504,Data Science,2nd Year,17,0.026772,0.003966,0.347344,0.00151,0.465,182,C6,Member,Connected
RA2611056010622,AIML,1st Year,15,0.023622,0.00409,0.341236,0.001891,0.4646,183,C7,Member,Connected
RA2511029010339,Cybersecurity,2nd Year,17,0.026772,0.003913,0.338065,0.001745,0.4638,184,C4,Member,Connected
RA2411027010130,Big Data Analytics,3rd Year,19,0.029921,0.003099,0.322163,0.002122,0.4635,185,C2,Core Connector,Connected
RA2611027010181,Big Data Analytics,1st Year,18,0.028346,0.00394,0.337869,0.001596,0.4629,186,C2,Member,Connected
RA2311056010565,AIML,4th Year,20,0.031496,0.003608,0.327417,0.001684,0.4626,187,C7,Core Connector,Connected
RA2311028010193,Cloud Computing,4th Year,21,0.033071,0.002454,0.334953,0.001721,0.4616,188,C3,Core Connector,Connected
RA2511027010156,Big Data Analytics,2nd Year,17,0.026772,0.005056,0.335919,0.001405,0.461,189,C2,Bridge Broker,Connected
RA2611003010076,CSE Core,1st Year,17,0.026772,0.003735,0.344874,0.001606,0.4609,190,C1,Member,Connected
RA2511056010592,AIML,2nd Year,19,0.029921,0.002929,0.325768,0.002059,0.4605,191,C7,Core Connector,Connected
RA2611028010257,Cloud Computing,1st Year,17,0.026772,0.003935,0.330016,0.001904,0.4604,192,C3,Member,Connected
RA2611028010264,Cloud Computing,1st Year,17,0.026772,0.005179,0.3338,0.001411,0.4603,193,C3,Bridge Broker,Connected
RA2511056010601,AIML,2nd Year,20,0.031496,0.002734,0.324497,0.002001,0.4589,194,C7,Core Connector,Connected
RA2611003010083,CSE Core,1st Year,17,0.026772,0.00385,0.337477,0.001732,0.4588,195,C1,Member,Connected
RA2511029010336,Cybersecurity,2nd Year,23,0.03622,0.002178,0.334184,0.001525,0.4584,196,C4,Core Connector,Connected
RA2411029010307,Cybersecurity,3rd Year,18,0.028346,0.003932,0.341436,0.001459,0.4576,197,C4,Member,Connected
RA2511028010232,Cloud Computing,2nd Year,16,0.025197,0.004768,0.335339,0.001611,0.4571,198,C3,Bridge Broker,Connected
RA2511030010421,Information Technology,2nd Year,18,0.028346,0.00309,0.329642,0.002013,0.4568,199,C5,Member,Connected
RA2411054010484,Data Science,3rd Year,18,0.028346,0.00388,0.338852,0.001518,0.4553,200,C6,Member,Connected
RA2611054010528,Data Science,1st Year,17,0.026772,0.004256,0.333609,0.001659,0.4548,201,C6,Member,Connected
RA2311030010370,Information Technology,4th Year,17,0.026772,0.004334,0.342642,0.001407,0.4544,202,C5,Member,Connected
RA2511027010151,Big Data Analytics,2nd Year,17,0.026772,0.004739,0.33905,0.001364,0.4542,203,C2,Bridge Broker,Connected
RA2611003010084,CSE Core,1st Year,18,0.028346,0.003258,0.339643,0.001686,0.4541,204,C1,Member,Connected
RA2411030010395,Information Technology,3rd Year,19,0.029921,0.003745,0.321807,0.001834,0.4541,205,C5,Core Connector,Connected
RA2511027010154,Big Data Analytics,2nd Year,19,0.029921,0.003225,0.336696,0.001613,0.452,206,C2,Core Connector,Connected
RA2411030010400,Information Technology,3rd Year,20,0.031496,0.00299,0.321985,0.001913,0.4518,207,C5,Core Connector,Connected
RA2611028010260,Cloud Computing,1st Year,20,0.031496,0.002481,0.318114,0.002137,0.4482,208,C3,Core Connector,Connected
RA2511003010064,CSE Core,2nd Year,18,0.028346,0.002999,0.34345,0.001618,0.4481,209,C1,Member,Connected
RA2611003010082,CSE Core,1st Year,19,0.029921,0.002087,0.333992,0.002005,0.4479,210,C1,Core Connector,Connected
RA2311028010189,Cloud Computing,4th Year,18,0.028346,0.001917,0.334568,0.002163,0.4459,211,C3,Member,Connected
RA2411056010568,AIML,3rd Year,18,0.028346,0.002622,0.333227,0.00197,0.4459,212,C7,Member,Connected
RA2311056010560,AIML,4th Year,21,0.033071,0.002591,0.327233,0.001714,0.4455,213,C7,Core Connector,Connected
RA2311030010384,Information Technology,4th Year,17,0.026772,0.004288,0.339445,0.001404,0.4443,214,C5,Member,Connected
RA2311003010001,CSE Core,4th Year,16,0.025197,0.003442,0.345899,0.001651,0.4442,215,C1,Member,Connected
RA2611030010451,Information Technology,1st Year,19,0.029921,0.002986,0.320743,0.002007,0.444,216,C5,Core Connector,Connected
RA2611029010353,Cybersecurity,1st Year,18,0.028346,0.002999,0.329269,0.001925,0.4436,217,C4,Member,Connected
RA2511030010416,Information Technology,2nd Year,16,0.025197,0.004384,0.335726,0.001579,0.4419,218,C5,Member,Connected
RA2511027010140,Big Data Analytics,2nd Year,19,0.029921,0.002484,0.328897,0.001945,0.4418,219,C2,Core Connector,Connected
RA2611028010254,Cloud Computing,1st Year,18,0.028346,0.003488,0.328711,0.001765,0.4418,220,C3,Member,Connected
RA2311028010199,Cloud Computing,4th Year,20,0.031496,0.001539,0.337477,0.001895,0.4413,221,C3,Core Connector,Connected
RA2311028010198,Cloud Computing,4th Year,20,0.031496,0.002347,0.338065,0.001618,0.441,222,C3,Core Connector,Connected
RA2411003010037,CSE Core,3rd Year,18,0.028346,0.002263,0.344874,0.00175,0.4409,223,C1,Member,Connected
RA2411056010576,AIML,3rd Year,17,0.026772,0.004049,0.336307,0.001524,0.4407,224,C7,Member,Connected
RA2411029010300,Cybersecurity,3rd Year,20,0.031496,0.001392,0.330954,0.002096,0.4406,225,C4,Core Connector,Connected
RA2611028010269,Cloud Computing,1st Year,20,0.031496,0.002798,0.334184,0.001563,0.4403,226,C3,Core Connector,Connected
RA2611003010081,CSE Core,1st Year,19,0.029921,0.003165,0.338261,0.001473,0.4394,227,C1,Core Connector,Connected
RA2611003010085,CSE Core,1st Year,18,0.028346,0.003405,0.34467,0.001374,0.4394,228,C1,Member,Connected
RA2411054010496,Data Science,3rd Year,18,0.028346,0.003142,0.337673,0.001624,0.4386,229,C6,Member,Connected
RA2511056010610,AIML,2nd Year,18,0.028346,0.003854,0.3338,0.00147,0.4364,230,C7,Member,Connected
RA2311028010205,Cloud Computing,4th Year,17,0.026772,0.004131,0.340437,0.001352,0.4362,231,C3,Member,Connected
RA2311054010474,Data Science,4th Year,18,0.028346,0.003034,0.332276,0.001765,0.4358,232,C6,Member,Connected
RA2511029010329,Cybersecurity,2nd Year,18,0.028346,0.002052,0.330766,0.002115,0.4356,233,C4,Member,Connected
RA2311003010023,CSE Core,4th Year,16,0.025197,0.002831,0.34467,0.001794,0.4355,234,C1,Member,Connected
RA2511028010237,Cloud Computing,2nd Year,17,0.026772,0.004627,0.332466,0.001378,0.4349,235,C3,Member,Connected
RA2311003010004,CSE Core,4th Year,17,0.026772,0.003404,0.345899,0.001435,0.4346,236,C1,Member,Connected
RA2611003010072,CSE Core,1st Year,18,0.028346,0.002748,0.334568,0.001774,0.4331,237,C1,Member,Connected
RA2411030010402,Information Technology,3rd Year,14,0.022047,0.004083,0.331142,0.001972,0.4325,238,C5,Member,Connected
RA2511003010065,CSE Core,2nd Year,17,0.026772,0.002684,0.345899,0.001644,0.4323,239,C1,Member,Connected
RA2411029010315,Cybersecurity,3rd Year,20,0.031496,0.003314,0.332466,0.00136,0.4319,240,C4,Core Connector,Connected
RA2611027010161,Big Data Analytics,1st Year,16,0.025197,0.00373,0.337477,0.001646,0.4315,241,C2,Member,Connected
RA2311029010279,Cybersecurity,4th Year,18,0.028346,0.002732,0.329456,0.001886,0.4311,242,C4,Member,Connected
RA2411054010490,Data Science,3rd Year,17,0.026772,0.002871,0.328341,0.001987,0.4291,243,C6,Member,Connected
RA2511056010594,AIML,2nd Year,18,0.028346,0.00295,0.328526,0.001809,0.4279,244,C7,Member,Connected
RA2511054010503,Data Science,2nd Year,18,0.028346,0.002638,0.339445,0.001637,0.4277,245,C6,Member,Connected
RA2411028010225,Cloud Computing,3rd Year,17,0.026772,0.002939,0.329083,0.001908,0.425,246,C3,Member,Connected
RA2411003010034,CSE Core,3rd Year,17,0.026772,0.003342,0.341837,0.001457,0.4243,247,C1,Member,Connected
RA2311028010188,Cloud Computing,4th Year,17,0.026772,0.0036,0.337086,0.001488,0.424,248,C3,Member,Connected
RA2511003010063,CSE Core,2nd Year,20,0.031496,0.001531,0.331519,0.001866,0.4226,249,C1,Core Connector,Connected
RA2511028010249,Cloud Computing,2nd Year,18,0.028346,0.003199,0.329456,0.001645,0.4215,250,C3,Member,Connected
RA2511003010061,CSE Core,2nd Year,20,0.031496,0.001771,0.338261,0.001607,0.421,251,C1,Core Connector,Connected
RA2411028010216,Cloud Computing,3rd Year,15,0.023622,0.004332,0.331331,0.001638,0.4207,252,C3,Member,Connected
RA2611027010180,Big Data Analytics,1st Year,17,0.026772,0.003617,0.33905,0.001402,0.4206,253,C2,Member,Connected
RA2411056010582,AIML,3rd Year,18,0.028346,0.002757,0.332656,0.00169,0.4197,254,C7,Member,Connected
RA2411029010318,Cybersecurity,3rd Year,20,0.031496,0.0028,0.329083,0.001488,0.4194,255,C4,Core Connector,Connected
RA2611028010273,Cloud Computing,1st Year,16,0.025197,0.003485,0.331708,0.00175,0.4193,256,C3,Member,Connected
RA2611056010619,AIML,1st Year,18,0.028346,0.002643,0.331708,0.001741,0.4187,257,C7,Member,Connected
RA2511003010054,CSE Core,2nd Year,18,0.028346,0.003643,0.345284,0.001082,0.4184,258,C1,Member,Connected
RA2411027010116,Big Data Analytics,3rd Year,16,0.025197,0.002929,0.321097,0.002177,0.4179,259,C2,Member,Connected
RA2611030010449,Information Technology,1st Year,18,0.028346,0.002968,0.324497,0.001802,0.4174,260,C5,Member,Connected
RA2511028010244,Cloud Computing,2nd Year,14,0.022047,0.00421,0.33039,0.001802,0.4171,261,C3,Member,Connected
RA2511056010609,AIML,2nd Year,18,0.028346,0.003765,0.324678,0.001537,0.4169,262,C7,Member,Connected
RA2511030010410,Information Technology,2nd Year,19,0.029921,0.002954,0.325586,0.001605,0.4134,263,C5,Core Connector,Connected
RA2611030010452,Information Technology,1st Year,20,0.031496,0.001928,0.324859,0.001811,0.413,264,C5,Core Connector,Connected
RA2411054010485,Data Science,3rd Year,18,0.028346,0.003254,0.334184,0.001426,0.4127,265,C6,Member,Connected
RA2511027010157,Big Data Analytics,2nd Year,15,0.023622,0.003877,0.338065,0.001536,0.4122,266,C2,Member,Connected
RA2611028010266,Cloud Computing,1st Year,20,0.031496,0.002836,0.321451,0.001594,0.4119,267,C3,Core Connector,Connected
RA2611029010351,Cybersecurity,1st Year,16,0.025197,0.003383,0.333992,0.001651,0.4114,268,C4,Member,Connected
RA2511030010423,Information Technology,2nd Year,20,0.031496,0.00262,0.325951,0.00154,0.4107,269,C5,Core Connector,Connected
RA2511029010330,Cybersecurity,2nd Year,20,0.031496,0.000887,0.31794,0.002268,0.408,270,C4,Core Connector,Connected
RA2611054010522,Data Science,1st Year,17,0.026772,0.003161,0.331708,0.001605,0.4076,271,C6,Member,Connected
RA2311056010561,AIML,4th Year,19,0.029921,0.002464,0.318462,0.001878,0.4072,272,C7,Core Connector,Connected
RA2311028010200,Cloud Computing,4th Year,17,0.026772,0.003433,0.332466,0.001493,0.407,273,C3,Member,Connected
RA2311028010186,Cloud Computing,4th Year,18,0.028346,0.001906,0.334953,0.001781,0.4066,274,C3,Member,Connected
RA2411054010493,Data Science,3rd Year,17,0.026772,0.002481,0.332846,0.001785,0.4066,275,C6,Member,Connected
RA2311003010011,CSE Core,4th Year,18,0.028346,0.001661,0.341837,0.001688,0.4065,276,C1,Member,Connected
RA2411056010580,AIML,3rd Year,18,0.028346,0.002506,0.33039,0.001697,0.4062,277,C7,Member,Connected
RA2311003010002,CSE Core,4th Year,18,0.028346,0.002267,0.3338,0.00168,0.4052,278,C1,Member,Connected
RA2311056010554,AIML,4th Year,18,0.028346,0.002677,0.324136,0.001782,0.4046,279,C7,Member,Connected
RA2411030010397,Information Technology,3rd Year,17,0.026772,0.004261,0.329829,0.00126,0.4035,280,C5,Member,Connected
RA2311054010459,Data Science,4th Year,18,0.028346,0.002369,0.334953,0.001592,0.4024,281,C6,Member,Connected
RA2611054010531,Data Science,1st Year,17,0.026772,0.002663,0.331708,0.001714,0.4023,282,C6,Member,Connected
RA2411054010487,Data Science,3rd Year,19,0.029921,0.001153,0.325222,0.002083,0.4021,283,C6,Core Connector,Connected
RA2511029010323,Cybersecurity,2nd Year,20,0.031496,0.002405,0.327049,0.001498,0.4019,284,C4,Core Connector,Connected
RA2411029010305,Cybersecurity,3rd Year,19,0.029921,0.001791,0.325768,0.001859,0.4015,285,C4,Core Connector,Connected
RA2311030010380,Information Technology,4th Year,18,0.028346,0.003369,0.331708,0.001332,0.4003,286,C5,Member,Connected
RA2611030010434,Information Technology,1st Year,19,0.029921,0.002986,0.323955,0.001506,0.4,287,C5,Core Connector,Connected
RA2511028010240,Cloud Computing,2nd Year,17,0.026772,0.003216,0.329642,0.001557,0.3991,288,C3,Member,Connected
RA2311029010289,Cybersecurity,4th Year,16,0.025197,0.003721,0.341236,0.001241,0.3986,289,C4,Member,Connected
RA2611003010089,CSE Core,1st Year,16,0.025197,0.002474,0.336113,0.001766,0.3985,290,C1,Member,Connected
RA2411029010313,Cybersecurity,3rd Year,16,0.025197,0.002742,0.336891,0.001652,0.3976,291,C4,Member,Connected
RA2311028010191,Cloud Computing,4th Year,17,0.026772,0.001567,0.326682,0.00214,0.3971,292,C3,Member,Connected
RA2311056010562,AIML,4th Year,18,0.028346,0.001466,0.31951,0.002212,0.3971,293,C7,Member,Connected
RA2311056010552,AIML,4th Year,17,0.026772,0.003546,0.32039,0.001657,0.3967,294,C7,Member,Connected
RA2411003010032,CSE Core,3rd Year,16,0.025197,0.00207,0.334376,0.001917,0.3963,295,C1,Member,Connected
RA2311056010551,AIML,4th Year,19,0.029921,0.001872,0.31951,0.001927,0.3952,296,C7,Core Connector,Connected
RA2411029010299,Cybersecurity,3rd Year,14,0.022047,0.003975,0.341236,0.001397,0.3949,297,C4,Member,Connected
RA2411056010573,AIML,3rd Year,16,0.025197,0.0029,0.331708,0.001696,0.3941,298,C7,Member,Connected
RA2611029010352,Cybersecurity,1st Year,18,0.028346,0.001887,0.324316,0.001925,0.3936,299,C4,Member,Connected
RA2511028010245,Cloud Computing,2nd Year,16,0.025197,0.003375,0.327971,0.001624,0.3928,300,C3,Member,Connected
RA2311054010471,Data Science,4th Year,18,0.028346,0.001684,0.333227,0.001754,0.3919,301,C6,Member,Connected
RA2311054010473,Data Science,4th Year,18,0.028346,0.001414,0.324859,0.002047,0.3919,302,C6,Member,Connected
RA2611003010093,CSE Core,1st Year,18,0.028346,0.002584,0.338458,0.001319,0.3901,303,C1,Member,Connected
RA2411054010482,Data Science,3rd Year,18,0.028346,0.001713,0.328526,0.001843,0.39,304,C6,Member,Connected
RA2611029010358,Cybersecurity,1st Year,18,0.028346,0.001522,0.324678,0.001998,0.3899,305,C4,Member,Connected
RA2611003010075,CSE Core,1st Year,17,0.026772,0.002494,0.336307,0.001535,0.3898,306,C1,Member,Connected
RA2511056010595,AIML,2nd Year,21,0.033071,0.002226,0.324316,0.001366,0.3894,307,C7,Core Connector,Connected
RA2511054010509,Data Science,2nd Year,19,0.029921,0.001456,0.333037,0.001668,0.3891,308,C6,Core Connector,Connected
RA2511030010411,Information Technology,2nd Year,16,0.025197,0.002944,0.325768,0.001773,0.3883,309,C5,Member,Connected
RA2611003010092,CSE Core,1st Year,19,0.029921,0.00188,0.329269,0.001595,0.3859,310,C1,Core Connector,Connected
RA2411030010393,Information Technology,3rd Year,18,0.028346,0.00369,0.319335,0.00138,0.3842,311,C5,Member,Connected
RA2511003010048,CSE Core,2nd Year,18,0.028346,0.002124,0.333227,0.001536,0.3839,312,C1,Member,Connected
RA2311027010106,Big Data Analytics,4th Year,17,0.026772,0.002852,0.333609,0.001428,0.3837,313,C2,Member,Connected
RA2611029010357,Cybersecurity,1st Year,18,0.028346,0.0025,0.321274,0.001701,0.3828,314,C4,Member,Connected
RA2311030010383,Information Technology,4th Year,17,0.026772,0.002705,0.325222,0.001672,0.3826,315,C5,Member,Connected
RA2411056010586,AIML,3rd Year,17,0.026772,0.002242,0.329829,0.001705,0.3824,316,C7,Member,Connected
RA2411056010581,AIML,3rd Year,19,0.029921,0.001561,0.321451,0.001854,0.3821,317,C7,Core Connector,Connected
RA2311027010109,Big Data Analytics,4th Year,18,0.028346,0.001921,0.326316,0.001741,0.3806,318,C2,Member,Connected
RA2611029010350,Cybersecurity,1st Year,16,0.025197,0.002946,0.325041,0.001714,0.3803,319,C4,Member,Connected
RA2411054010478,Data Science,3rd Year,17,0.026772,0.003246,0.333227,0.001274,0.3798,320,C6,Member,Connected
RA2311054010476,Data Science,4th Year,16,0.025197,0.003338,0.334953,0.001337,0.3796,321,C6,Member,Connected
RA2411029010310,Cybersecurity,3rd Year,18,0.028346,0.001747,0.330016,0.001685,0.3785,322,C4,Member,Connected
RA2411029010297,Cybersecurity,3rd Year,17,0.026772,0.002392,0.331519,0.00157,0.3777,323,C4,Member,Connected
RA2611030010435,Information Technology,1st Year,17,0.026772,0.002868,0.32252,0.001635,0.3772,324,C5,Member,Connected
RA2611030010431,Information Technology,1st Year,16,0.025197,0.00244,0.314845,0.002085,0.3758,325,C5,Member,Connected
RA2511029010327,Cybersecurity,2nd Year,16,0.025197,0.001969,0.324497,0.001997,0.3757,326,C4,Member,Connected
RA2611027010168,Big Data Analytics,1st Year,16,0.025197,0.002311,0.329456,0.001761,0.3753,327,C2,Member,Connected
RA2511027010152,Big Data Analytics,2nd Year,16,0.025197,0.003022,0.327049,0.001585,0.3745,328,C2,Member,Connected
RA2411030010391,Information Technology,3rd Year,18,0.028346,0.002909,0.313826,0.001669,0.374,329,C5,Member,Connected
RA2411028010219,Cloud Computing,3rd Year,19,0.029921,0.002172,0.321807,0.001565,0.3733,330,C3,Core Connector,Connected
RA2511028010248,Cloud Computing,2nd Year,14,0.022047,0.004178,0.327049,0.001444,0.37,331,C3,Member,Connected
RA2411027010125,Big Data Analytics,3rd Year,18,0.028346,0.002259,0.320566,0.001668,0.3695,332,C2,Member,Connected
RA2511003010058,CSE Core,2nd Year,17,0.026772,0.002147,0.323057,0.001774,0.369,333,C1,Member,Connected
RA2611054010532,Data Science,1st Year,19,0.029921,0.001862,0.317766,0.001716,0.3683,334,C6,Core Connector,Connected
RA2511029010335,Cybersecurity,2nd Year,17,0.026772,0.002544,0.330766,0.001445,0.3678,335,C4,Member,Connected
RA2611056010632,AIML,1st Year,16,0.025197,0.002653,0.336891,0.001392,0.3674,336,C7,Member,Connected
RA2611027010162,Big Data Analytics,1st Year,17,0.026772,0.00157,0.323595,0.001927,0.367,337,C2,Member,Connected
RA2611056010633,AIML,1st Year,14,0.022047,0.002496,0.331519,0.00184,0.3665,338,C7,Member,Connected
RA2511054010507,Data Science,2nd Year,18,0.028346,0.001646,0.3338,0.001503,0.3659,339,C6,Member,Connected
RA2411028010217,Cloud Computing,3rd Year,18,0.028346,0.001696,0.31951,0.001838,0.3657,340,C3,Member,Connected
RA2411028010222,Cloud Computing,3rd Year,17,0.026772,0.002611,0.319862,0.001656,0.3639,341,C3,Member,Connected
RA2411054010486,Data Science,3rd Year,19,0.029921,0.001417,0.324497,0.001638,0.3626,342,C6,Core Connector,Connected
RA2611056010636,AIML,1st Year,16,0.025197,0.002814,0.331708,0.001422,0.3626,343,C7,Member,Connected
RA2311030010368,Information Technology,4th Year,16,0.025197,0.002267,0.319686,0.001891,0.3622,344,C5,Member,Connected
RA2411030010401,Information Technology,3rd Year,18,0.028346,0.002649,0.316213,0.001578,0.3619,345,C5,Member,Connected
RA2411028010228,Cloud Computing,3rd Year,16,0.025197,0.002981,0.328156,0.001449,0.3618,346,C3,Member,Connected
RA2611056010629,AIML,1st Year,16,0.025197,0.003251,0.327233,0.001383,0.3616,347,C7,Member,Connected
RA2311054010455,Data Science,4th Year,18,0.028346,0.001628,0.327417,0.001619,0.3609,348,C6,Member,Connected
RA2411056010585,AIML,3rd Year,18,0.028346,0.001719,0.319862,0.001774,0.3607,349,C7,Member,Connected
RA2511027010159,Big Data Analytics,2nd Year,14,0.022047,0.003919,0.33039,0.001354,0.3605,350,C2,Member,Connected
RA2611003010073,CSE Core,1st Year,18,0.028346,0.001492,0.325222,0.001711,0.3603,351,C1,Member,Connected
RA2611028010256,Cloud Computing,1st Year,17,0.026772,0.002628,0.32039,0.001602,0.3602,352,C3,Member,Connected
RA2311056010563,AIML,4th Year,20,0.031496,0.001741,0.318985,0.001505,0.3596,353,C7,Core Connector,Connected
RA2311003010018,CSE Core,4th Year,15,0.023622,0.002608,0.332276,0.00158,0.3594,354,C1,Member,Connected
RA2411054010494,Data Science,3rd Year,16,0.025197,0.002975,0.327786,0.001435,0.3592,355,C6,Member,Connected
RA2511054010510,Data Science,2nd Year,16,0.025197,0.002016,0.332087,0.001617,0.3572,356,C6,Member,Connected
RA2511003010055,CSE Core,2nd Year,17,0.026772,0.00225,0.331897,0.0014,0.3562,357,C1,Member,Connected
RA2411054010491,Data Science,3rd Year,18,0.028346,0.001772,0.321274,0.001675,0.3557,358,C6,Member,Connected
RA2411028010209,Cloud Computing,3rd Year,17,0.026772,0.002784,0.323955,0.00141,0.3546,359,C3,Member,Connected
RA2311056010550,AIML,4th Year,17,0.026772,0.00195,0.316041,0.001866,0.3539,360,C7,Member,Connected
RA2511027010158,Big Data Analytics,2nd Year,16,0.025197,0.002036,0.324316,0.001768,0.3536,361,C2,Member,Connected
RA2411056010578,AIML,3rd Year,16,0.025197,0.002713,0.327233,0.001478,0.3535,362,C7,Member,Connected
RA2311029010291,Cybersecurity,4th Year,16,0.025197,0.002318,0.336307,0.001367,0.3521,363,C4,Member,Connected
RA2311027010110,Big Data Analytics,4th Year,18,0.028346,0.002623,0.323595,0.001303,0.3514,364,C2,Member,Connected
RA2611029010362,Cybersecurity,1st Year,18,0.028346,0.00192,0.319686,0.001625,0.3514,365,C4,Member,Connected
RA2411027010122,Big Data Analytics,3rd Year,16,0.025197,0.003213,0.319862,0.001471,0.3505,366,C2,Member,Connected
RA2611029010354,Cybersecurity,1st Year,17,0.026772,0.002386,0.323955,0.001496,0.3502,367,C4,Member,Connected
RA2411003010045,CSE Core,3rd Year,15,0.023622,0.001236,0.334184,0.001864,0.348,368,C1,Member,Connected
RA2611056010627,AIML,1st Year,16,0.025197,0.001888,0.326499,0.001707,0.3479,369,C7,Member,Connected
RA2511054010520,Data Science,2nd Year,16,0.025197,0.002055,0.333418,0.001473,0.3469,370,C6,Member,Connected
RA2511028010231,Cloud Computing,2nd Year,16,0.025197,0.002647,0.309653,0.001869,0.3468,371,C3,Member,Connected
RA2411030010392,Information Technology,3rd Year,15,0.023622,0.003378,0.324136,0.001414,0.3468,372,C5,Member,Connected
RA2611056010618,AIML,1st Year,15,0.023622,0.002801,0.328156,0.001479,0.3446,373,C7,Member,Connected
RA2611054010542,Data Science,1st Year,17,0.026772,0.001398,0.319335,0.001868,0.3441,374,C6,Member,Connected
RA2611056010614,AIML,1st Year,18,0.028346,0.001908,0.321985,0.001502,0.3441,375,C7,Member,Connected
RA2411003010046,CSE Core,3rd Year,13,0.020472,0.003234,0.339643,0.001324,0.344,376,C1,Member,Connected
RA2311030010371,Information Technology,4th Year,17,0.026772,0.001413,0.321629,0.001805,0.3439,377,C5,Member,Connected
RA2411029010311,Cybersecurity,3rd Year,15,0.023622,0.002412,0.33039,0.001539,0.3436,378,C4,Member,Connected
RA2311027010107,Big Data Analytics,4th Year,16,0.025197,0.002691,0.324316,0.001458,0.3431,379,C2,Member,Connected
RA2411030010399,Information Technology,3rd Year,16,0.025197,0.003321,0.317074,0.001431,0.3427,380,C5,Member,Connected
RA2411027010133,Big Data Analytics,3rd Year,15,0.023622,0.003853,0.32252,0.001261,0.3425,381,C2,Member,Connected
RA2611054010534,Data Science,1st Year,16,0.025197,0.002802,0.329083,0.001299,0.3425,382,C6,Member,Connected
RA2311029010280,Cybersecurity,4th Year,17,0.026772,0.000913,0.324678,0.001871,0.342,383,C4,Member,Connected
RA2311003010010,CSE Core,4th Year,17,0.026772,0.001941,0.334568,0.001287,0.3409,384,C1,Member,Connected
RA2511003010056,CSE Core,2nd Year,18,0.028346,0.001608,0.331897,0.001317,0.3403,385,C1,Member,Connected
RA2311030010372,Information Technology,4th Year,18,0.028346,0.00154,0.325041,0.001505,0.3399,386,C5,Member,Connected
RA2511054010521,Data Science,2nd Year,15,0.023622,0.002478,0.330016,0.001491,0.3399,387,C6,Member,Connected
RA2311027010101,Big Data Analytics,4th Year,16,0.025197,0.002217,0.324678,0.00156,0.3388,388,C2,Member,Connected
RA2311027010111,Big Data Analytics,4th Year,17,0.026772,0.001921,0.323595,0.001543,0.3386,389,C2,Member,Connected
RA2511028010241,Cloud Computing,2nd Year,17,0.026772,0.002045,0.319686,0.001598,0.3385,390,C3,Member,Connected
RA2511029010340,Cybersecurity,2nd Year,17,0.026772,0.002084,0.324316,0.00147,0.3383,391,C4,Member,Connected
RA2411056010583,AIML,3rd Year,19,0.029921,0.000632,0.321807,0.001717,0.3376,392,C7,Core Connector,Connected
RA2511030010428,Information Technology,2nd Year,14,0.022047,0.002516,0.32252,0.001739,0.3334,393,C5,Member,Connected
RA2511030010419,Information Technology,2nd Year,16,0.025197,0.002362,0.327602,0.001386,0.3331,394,C5,Member,Connected
RA2511028010234,Cloud Computing,2nd Year,17,0.026772,0.001839,0.319686,0.001611,0.3329,395,C3,Member,Connected
RA2611003010086,CSE Core,1st Year,17,0.026772,0.001802,0.331708,0.001324,0.3327,396,C1,Member,Connected
RA2611028010270,Cloud Computing,1st Year,17,0.026772,0.002451,0.320213,0.001399,0.3326,397,C3,Member,Connected
RA2411027010119,Big Data Analytics,3rd Year,17,0.026772,0.002127,0.31794,0.001554,0.3321,398,C2,Member,Connected
RA2611028010253,Cloud Computing,1st Year,17,0.026772,0.001947,0.32252,0.001496,0.3318,399,C3,Member,Connected
RA2611027010177,Big Data Analytics,1st Year,15,0.023622,0.003146,0.331519,0.001159,0.3314,400,C2,Member,Connected
RA2311056010547,AIML,4th Year,15,0.023622,0.002629,0.32092,0.001582,0.331,401,C7,Member,Connected
RA2311003010008,CSE Core,4th Year,16,0.025197,0.00176,0.331708,0.001455,0.3307,402,C1,Member,Connected
RA2511030010414,Information Technology,2nd Year,16,0.025197,0.001716,0.322877,0.001683,0.3303,403,C5,Member,Connected
RA2311054010457,Data Science,4th Year,17,0.026772,0.00197,0.329083,0.001306,0.3297,404,C6,Member,Connected
RA2611056010623,AIML,1st Year,16,0.025197,0.002551,0.331519,0.001175,0.3275,405,C7,Member,Connected
RA2511027010144,Big Data Analytics,2nd Year,14,0.022047,0.002613,0.330203,0.001457,0.327,406,C2,Member,Connected
RA2311054010466,Data Science,4th Year,14,0.022047,0.002386,0.330016,0.001524,0.326,407,C6,Member,Connected
RA2311027010104,Big Data Analytics,4th Year,16,0.025197,0.001692,0.324497,0.001608,0.3258,408,C2,Member,Connected
RA2511030010412,Information Technology,2nd Year,12,0.018898,0.003019,0.327971,0.00164,0.3254,409,C5,Member,Connected
RA2311054010470,Data Science,4th Year,17,0.026772,0.001619,0.326133,0.001432,0.3235,410,C6,Member,Connected
RA2411030010394,Information Technology,3rd Year,20,0.031496,0.001401,0.307852,0.001537,0.3228,411,C5,Core Connector,Connected
RA2611003010079,CSE Core,1st Year,16,0.025197,0.002236,0.331708,0.001222,0.3223,412,C1,Member,Connected
RA2611027010164,Big Data Analytics,1st Year,16,0.025197,0.001583,0.326682,0.001553,0.3221,413,C2,Member,Connected
RA2611027010178,Big Data Analytics,1st Year,14,0.022047,0.002444,0.330203,0.001463,0.322,414,C2,Member,Connected
RA2311054010472,Data Science,4th Year,15,0.023622,0.001913,0.329829,0.001499,0.3213,415,C6,Member,Connected
RA2611028010265,Cloud Computing,1st Year,17,0.026772,0.002223,0.314845,0.001478,0.3194,416,C3,Member,Connected
RA2511056010603,AIML,2nd Year,17,0.026772,0.002289,0.326316,0.001174,0.3194,417,C7,Member,Connected
RA2411003010044,CSE Core,3rd Year,15,0.023622,0.001476,0.335339,0.001465,0.3173,418,C1,Member,Connected
RA2511029010337,Cybersecurity,2nd Year,17,0.026772,0.001529,0.325222,0.001418,0.3167,419,C4,Member,Connected
RA2411054010479,Data Science,3rd Year,16,0.025197,0.001508,0.322698,0.001618,0.3161,420,C6,Member,Connected
RA2511056010600,AIML,2nd Year,17,0.026772,0.000808,0.312815,0.001949,0.316,421,C7,Member,Connected
RA2411027010132,Big Data Analytics,3rd Year,16,0.025197,0.002591,0.314335,0.001472,0.3155,422,C2,Member,Connected
RA2511003010053,CSE Core,2nd Year,15,0.023622,0.002338,0.331708,0.00126,0.3154,423,C1,Member,Connected
RA2511030010422,Information Technology,2nd Year,14,0.022047,0.002937,0.322698,0.001402,0.3128,424,C5,Member,Connected
RA2611056010624,AIML,1st Year,16,0.025197,0.000782,0.321629,0.001846,0.3128,425,C7,Member,Connected
RA2511029010331,Cybersecurity,2nd Year,16,0.025197,0.000876,0.30559,0.002198,0.3113,426,C4,Member,Connected
RA2411028010220,Cloud Computing,3rd Year,16,0.025197,0.001844,0.323416,0.001432,0.3097,427,C3,Member,Connected
RA2411028010211,Cloud Computing,3rd Year,17,0.026772,0.002196,0.321274,0.00122,0.3081,428,C3,Member,Connected
RA2411003010027,CSE Core,3rd Year,16,0.025197,0.001108,0.330766,0.001462,0.3072,429,C1,Member,Connected
RA2511027010160,Big Data Analytics,2nd Year,16,0.025197,0.000964,0.311309,0.001985,0.3068,430,C2,Member,Connected
RA2411028010207,Cloud Computing,3rd Year,17,0.026772,0.001657,0.313151,0.001555,0.3041,431,C3,Member,Connected
RA2311029010276,Cybersecurity,4th Year,17,0.026772,0.001094,0.32039,0.001557,0.3041,432,C4,Member,Connected
RA2411027010123,Big Data Analytics,3rd Year,15,0.023622,0.002624,0.316729,0.001425,0.3036,433,C2,Member,Connected
RA2611030010439,Information Technology,1st Year,17,0.026772,0.001385,0.30559,0.001823,0.3035,434,C5,Member,Connected
RA2511030010418,Information Technology,2nd Year,15,0.023622,0.001483,0.322877,0.001637,0.3034,435,C5,Member,Connected
RA2311056010564,AIML,4th Year,19,0.029921,0.000819,0.312647,0.001543,0.3021,436,C7,Core Connector,Connected
RA2311054010464,Data Science,4th Year,13,0.020472,0.001832,0.323236,0.001775,0.3018,437,C6,Member,Connected
RA2311028010203,Cloud Computing,4th Year,17,0.026772,0.000704,0.329083,0.001441,0.3014,438,C3,Member,Connected
RA2611054010540,Data Science,1st Year,15,0.023622,0.001916,0.328526,0.001338,0.3012,439,C6,Member,Connected
RA2411056010589,AIML,3rd Year,17,0.026772,0.001661,0.323775,0.001251,0.2999,440,C7,Member,Connected
RA2611056010631,AIML,1st Year,17,0.026772,0.000982,0.318636,0.001587,0.299,441,C7,Member,Connected
RA2311054010458,Data Science,4th Year,15,0.023622,0.002205,0.324316,0.001327,0.2989,442,C6,Member,Connected
RA2411056010571,AIML,3rd Year,16,0.025197,0.001776,0.31794,0.001471,0.2974,443,C7,Member,Connected
RA2311030010375,Information Technology,4th Year,17,0.026772,0.001102,0.323775,0.001401,0.2968,444,C5,Member,Connected
RA2511030010415,Information Technology,2nd Year,14,0.022047,0.00246,0.322698,0.001401,0.2967,445,C5,Member,Connected
RA2611029010344,Cybersecurity,1st Year,15,0.023622,0.001431,0.310313,0.001896,0.2963,446,C4,Member,Connected
RA2311030010366,Information Technology,4th Year,15,0.023622,0.002038,0.317247,0.001524,0.2956,447,C5,Member,Connected
RA2311027010103,Big Data Analytics,4th Year,16,0.025197,0.002693,0.315015,0.001231,0.2955,448,C2,Member,Connected
RA2511054010505,Data Science,2nd Year,16,0.025197,0.001116,0.32252,0.00155,0.2954,449,C6,Member,Connected
RA2411030010388,Information Technology,3rd Year,16,0.025197,0.001732,0.315527,0.001525,0.2953,450,C5,Member,Connected
RA2611054010535,Data Science,1st Year,15,0.023622,0.002181,0.325222,0.001276,0.2951,451,C6,Member,Connected
RA2311003010014,CSE Core,4th Year,12,0.018898,0.002297,0.340637,0.001259,0.2941,452,C1,Member,Connected
RA2611029010361,Cybersecurity,1st Year,16,0.025197,0.001837,0.31742,0.001431,0.2939,453,C4,Member,Connected
RA2311056010544,AIML,4th Year,15,0.023622,0.002284,0.321274,0.001327,0.2937,454,C7,Member,Connected
RA2611029010343,Cybersecurity,1st Year,18,0.028346,0.001297,0.314505,0.001396,0.2932,455,C4,Member,Connected
RA2611027010173,Big Data Analytics,1st Year,15,0.023622,0.001916,0.327417,0.001285,0.2928,456,C2,Member,Connected
RA2511056010598,AIML,2nd Year,17,0.026772,0.00183,0.316041,0.001308,0.2915,457,C7,Member,Connected
RA2511054010512,Data Science,2nd Year,17,0.026772,0.000858,0.325404,0.001383,0.291,458,C6,Member,Connected
RA2611030010436,Information Technology,1st Year,17,0.026772,0.001003,0.309818,0.001711,0.2899,459,C5,Member,Connected
RA2511029010325,Cybersecurity,2nd Year,15,0.023622,0.001767,0.316729,0.001565,0.2895,460,C4,Member,Connected
RA2411003010029,CSE Core,3rd Year,15,0.023622,0.001704,0.330203,0.001251,0.2894,461,C1,Member,Connected
RA2411030010398,Information Technology,3rd Year,19,0.029921,0.001255,0.310479,0.001336,0.2894,462,C5,Core Connector,Connected
RA2511054010516,Data Science,2nd Year,15,0.023622,0.001417,0.327971,0.001394,0.2889,463,C6,Member,Connected
RA2411030010390,Information Technology,3rd Year,15,0.023622,0.001531,0.300541,0.002034,0.2888,464,C5,Member,Connected
RA2311029010294,Cybersecurity,4th Year,15,0.023622,0.001038,0.322877,0.001638,0.2886,465,C4,Member,Connected
RA2611028010261,Cloud Computing,1st Year,15,0.023622,0.002136,0.322163,0.001303,0.2885,466,C3,Member,Connected
RA2611029010356,Cybersecurity,1st Year,15,0.023622,0.002588,0.316557,0.001296,0.2884,467,C4,Member,Connected
RA2411027010136,Big Data Analytics,3rd Year,16,0.025197,0.001725,0.316901,0.001424,0.2881,468,C2,Member,Connected
RA2311056010549,AIML,4th Year,15,0.023622,0.001747,0.310148,0.001715,0.2875,469,C7,Member,Connected
RA2411030010408,Information Technology,3rd Year,16,0.025197,0.001181,0.303044,0.001921,0.286,470,C5,Member,Connected
RA2611030010450,Information Technology,1st Year,15,0.023622,0.001736,0.315698,0.001563,0.2856,471,C5,Member,Connected
RA2311028010190,Cloud Computing,4th Year,17,0.026772,0.000919,0.326866,0.001266,0.2846,472,C3,Member,Connected
RA2611029010360,Cybersecurity,1st Year,15,0.023622,0.00148,0.316213,0.001622,0.2845,473,C4,Member,Connected
RA2511003010062,CSE Core,2nd Year,14,0.022047,0.002239,0.328341,0.001214,0.2843,474,C1,Member,Connected
RA2611054010524,Data Science,1st Year,15,0.023622,0.002044,0.321451,0.001283,0.2815,475,C6,Member,Connected
RA2611056010616,AIML,1st Year,16,0.025197,0.00224,0.317593,0.001178,0.2814,476,C7,Member,Connected
RA2511028010235,Cloud Computing,2nd Year,16,0.025197,0.001041,0.316901,0.001576,0.2811,477,C3,Member,Connected
RA2511056010612,AIML,2nd Year,14,0.022047,0.002206,0.32039,0.001384,0.2805,478,C7,Member,Connected
RA2611027010170,Big Data Analytics,1st Year,17,0.026772,0.001481,0.323775,0.001116,0.2798,479,C2,Member,Connected
RA2511027010141,Big Data Analytics,2nd Year,13,0.020472,0.002576,0.323416,0.00132,0.2797,480,C2,Member,Connected
RA2311003010012,CSE Core,4th Year,15,0.023622,0.000491,0.325404,0.001663,0.2794,481,C1,Member,Connected
RA2611029010363,Cybersecurity,1st Year,16,0.025197,0.001103,0.311976,0.001641,0.2772,482,C4,Member,Connected
RA2511030010424,Information Technology,2nd Year,13,0.020472,0.002802,0.326133,0.001156,0.2771,483,C5,Member,Connected
RA2411027010126,Big Data Analytics,3rd Year,17,0.026772,0.001676,0.308178,0.001409,0.2767,484,C2,Member,Connected
RA2511028010230,Cloud Computing,2nd Year,14,0.022047,0.001225,0.32092,0.001648,0.2765,485,C3,Member,Connected
RA2611003010088,CSE Core,1st Year,16,0.025197,0.000693,0.318811,0.001596,0.2764,486,C1,Member,Connected
RA2311028010196,Cloud Computing,4th Year,15,0.023622,0.001017,0.322698,0.001527,0.2758,487,C3,Member,Connected
RA2511003010052,CSE Core,2nd Year,15,0.023622,0.001206,0.329456,0.00129,0.2748,488,C1,Member,Connected
RA2311027010098,Big Data Analytics,4th Year,15,0.023622,0.001354,0.311976,0.001655,0.2728,489,C2,Member,Connected
RA2611028010268,Cloud Computing,1st Year,16,0.025197,0.001077,0.316213,0.001484,0.2709,490,C3,Member,Connected
RA2511027010153,Big Data Analytics,2nd Year,16,0.025197,0.000936,0.315186,0.001542,0.2696,491,C2,Member,Connected
RA2511028010250,Cloud Computing,2nd Year,15,0.023622,0.00179,0.315356,0.001398,0.2693,492,C3,Member,Connected
RA2411027010118,Big Data Analytics,3rd Year,16,0.025197,0.001565,0.307527,0.001514,0.2679,493,C2,Member,Connected
RA2311029010288,Cybersecurity,4th Year,14,0.022047,0.002092,0.332276,0.001003,0.2675,494,C4,Member,Connected
RA2411029010317,Cybersecurity,3rd Year,15,0.023622,0.001618,0.320037,0.001303,0.2657,495,C4,Member,Connected
RA2311054010463,Data Science,4th Year,14,0.022047,0.002173,0.331708,0.000966,0.2649,496,C6,Member,Connected
RA2611030010444,Information Technology,1st Year,15,0.023622,0.001656,0.301787,0.001733,0.2648,497,C5,Member,Connected
RA2311056010556,AIML,4th Year,16,0.025197,0.00076,0.31081,0.001657,0.2644,498,C7,Member,Connected
RA2511054010502,Data Science,2nd Year,16,0.025197,0.001248,0.323775,0.00117,0.2633,499,C6,Member,Connected
RA2411027010137,Big Data Analytics,3rd Year,13,0.020472,0.003048,0.308015,0.001385,0.2625,500,C2,Member,Connected
RA2311054010456,Data Science,4th Year,15,0.023622,0.00133,0.319335,0.001377,0.2619,501,C6,Member,Connected
RA2411028010214,Cloud Computing,3rd Year,14,0.022047,0.002522,0.317074,0.001178,0.261,502,C3,Member,Connected
RA2611030010432,Information Technology,1st Year,16,0.025197,0.000995,0.310977,0.001538,0.2603,503,C5,Member,Connected
RA2311027010112,Big Data Analytics,4th Year,16,0.025197,0.001233,0.312144,0.001403,0.2571,504,C2,Member,Connected
RA2511030010429,Information Technology,2nd Year,15,0.023622,0.001309,0.314505,0.001442,0.2556,505,C5,Member,Connected
RA2511056010602,AIML,2nd Year,17,0.026772,0.000654,0.31081,0.001466,0.2552,506,C7,Member,Connected
RA2611030010440,Information Technology,1st Year,15,0.023622,0.002398,0.314165,0.001095,0.2549,507,C5,Member,Connected
RA2411054010498,Data Science,3rd Year,16,0.025197,0.000893,0.320037,0.001288,0.2541,508,C6,Member,Connected
RA2611029010355,Cybersecurity,1st Year,16,0.025197,0.001278,0.317247,0.001227,0.2534,509,C4,Member,Connected
RA2611054010523,Data Science,1st Year,15,0.023622,0.001325,0.309818,0.001522,0.2524,510,C6,Member,Connected
RA2511056010608,AIML,2nd Year,16,0.025197,0.001199,0.309324,0.001434,0.252,511,C7,Member,Connected
RA2411028010208,Cloud Computing,3rd Year,16,0.025197,0.00097,0.315015,0.001357,0.2509,512,C3,Member,Connected
RA2411029010302,Cybersecurity,3rd Year,16,0.025197,0.000532,0.309489,0.001626,0.2501,513,C4,Member,Connected
RA2511056010611,AIML,2nd Year,13,0.020472,0.002363,0.313826,0.001336,0.2495,514,C7,Member,Connected
RA2311027010113,Big Data Analytics,4th Year,16,0.025197,0.000898,0.308341,0.001528,0.2492,515,C2,Member,Connected
RA2311029010284,Cybersecurity,4th Year,16,0.025197,0.000659,0.323057,0.001228,0.2478,516,C4,Member,Connected
RA2511029010321,Cybersecurity,2nd Year,16,0.025197,0.000287,0.313151,0.001543,0.2427,517,C4,Member,Connected
RA2511027010150,Big Data Analytics,2nd Year,15,0.023622,0.000987,0.31951,0.001249,0.2375,518,C2,Member,Connected
RA2511054010513,Data Science,2nd Year,15,0.023622,0.001426,0.321274,0.001061,0.2371,519,C6,Member,Connected
RA2311056010566,AIML,4th Year,16,0.025197,0.00048,0.306717,0.001564,0.2347,520,C7,Member,Connected
RA2611028010252,Cloud Computing,1st Year,15,0.023622,0.00089,0.306717,0.001552,0.2329,521,C3,Member,Connected
RA2411054010492,Data Science,3rd Year,14,0.022047,0.001233,0.32092,0.00121,0.231,522,C6,Member,Connected
RA2411030010396,Information Technology,3rd Year,16,0.025197,0.000703,0.303044,0.001546,0.2308,523,C5,Member,Connected
RA2311027010102,Big Data Analytics,4th Year,13,0.020472,0.002161,0.319335,0.001078,0.23,524,C2,Member,Connected
RA2511029010319,Cybersecurity,2nd Year,14,0.022047,0.000816,0.31742,0.001412,0.2292,525,C4,Member,Connected
RA2311030010376,Information Technology,4th Year,14,0.022047,0.001916,0.314335,0.001118,0.2273,526,C5,Member,Connected
RA2411030010389,Information Technology,3rd Year,16,0.025197,0.00064,0.298079,0.001628,0.2245,527,C5,Member,Connected
RA2411054010483,Data Science,3rd Year,15,0.023622,0.001008,0.323595,0.001006,0.2234,528,C6,Member,Connected
RA2311030010377,Information Technology,4th Year,13,0.020472,0.001217,0.315186,0.001403,0.2216,529,C5,Member,Connected
RA2611054010527,Data Science,1st Year,13,0.020472,0.001151,0.307202,0.001618,0.2212,530,C6,Member,Connected
RA2311030010386,Information Technology,4th Year,14,0.022047,0.000654,0.308832,0.001599,0.2211,531,C5,Member,Connected
RA2311030010378,Information Technology,4th Year,13,0.020472,0.00117,0.317247,0.001356,0.2204,532,C5,Member,Connected
RA2611027010171,Big Data Analytics,1st Year,14,0.022047,0.000821,0.314165,0.001401,0.2198,533,C2,Member,Connected
RA2511027010148,Big Data Analytics,2nd Year,14,0.022047,0.001553,0.318636,0.00105,0.2192,534,C2,Member,Connected
RA2611054010529,Data Science,1st Year,13,0.020472,0.001604,0.310645,0.001364,0.2188,535,C6,Member,Connected
RA2611054010537,Data Science,1st Year,15,0.023622,0.000844,0.308015,0.001392,0.218,536,C6,Member,Connected
RA2411056010569,AIML,3rd Year,15,0.023622,0.000782,0.315356,0.001219,0.2168,537,C7,Member,Connected
RA2611054010536,Data Science,1st Year,13,0.020472,0.000595,0.301475,0.001867,0.2139,538,C6,Member,Connected
RA2611027010163,Big Data Analytics,1st Year,13,0.020472,0.00082,0.310479,0.001571,0.2137,539,C2,Member,Connected
RA2511029010333,Cybersecurity,2nd Year,14,0.022047,0.001009,0.319335,0.00114,0.2121,540,C4,Member,Connected
RA2411027010129,Big Data Analytics,3rd Year,15,0.023622,0.001218,0.301319,0.001369,0.2109,541,C2,Member,Connected
RA2411054010497,Data Science,3rd Year,13,0.020472,0.001113,0.321274,0.001177,0.2102,542,C6,Member,Connected
RA2611030010447,Information Technology,1st Year,14,0.022047,0.001167,0.307527,0.001326,0.2064,543,C5,Member,Connected
RA2411028010212,Cloud Computing,3rd Year,13,0.020472,0.001839,0.312983,0.001109,0.206,544,C3,Member,Connected
RA2411030010403,Information Technology,3rd Year,15,0.023622,0.00116,0.301944,0.001322,0.2056,545,C5,Member,Connected
RA2611027010166,Big Data Analytics,1st Year,15,0.023622,0.000454,0.311143,0.001319,0.2054,546,C2,Member,Connected
RA2311030010379,Information Technology,4th Year,12,0.018898,0.001155,0.307852,0.00157,0.2038,547,C5,Member,Connected
RA2611027010182,Big Data Analytics,1st Year,14,0.022047,0.000881,0.311476,0.001268,0.2009,548,C2,Member,Connected
RA2611029010347,Cybersecurity,1st Year,14,0.022047,0.000677,0.313488,0.001281,0.2007,549,C4,Member,Connected
RA2511056010593,AIML,2nd Year,13,0.020472,0.001218,0.311642,0.001288,0.2005,550,C7,Member,Connected
RA2611030010443,Information Technology,1st Year,15,0.023622,0.000936,0.311476,0.001108,0.2004,551,C5,Member,Connected
RA2411028010210,Cloud Computing,3rd Year,13,0.020472,0.002017,0.312815,0.000996,0.1997,552,C3,Member,Connected
RA2411030010407,Information Technology,3rd Year,14,0.022047,0.000933,0.303044,0.001446,0.1995,553,C5,Member,Connected
RA2411003010042,CSE Core,3rd Year,13,0.020472,0.001064,0.318985,0.001141,0.1989,554,C1,Member,Connected
RA2511028010246,Cloud Computing,2nd Year,13,0.020472,0.001123,0.30916,0.001351,0.1975,555,C3,Member,Connected
RA2511030010420,Information Technology,2nd Year,14,0.022047,0.0009,0.307364,0.001329,0.1973,556,C5,Member,Connected
RA2611027010172,Big Data Analytics,1st Year,14,0.022047,0.000657,0.306394,0.001421,0.1963,557,C2,Member,Connected
RA2511028010238,Cloud Computing,2nd Year,14,0.022047,0.001081,0.307852,0.001235,0.1948,558,C3,Member,Connected
RA2511003010047,CSE Core,2nd Year,12,0.018898,0.001417,0.320743,0.001076,0.1942,559,C1,Member,Connected
RA2511027010142,Big Data Analytics,2nd Year,14,0.022047,0.001339,0.307689,0.001144,0.1936,560,C2,Member,Connected
RA2511027010138,Big Data Analytics,2nd Year,15,0.023622,0.000555,0.308178,0.001238,0.1927,561,C2,Member,Connected
RA2611054010533,Data Science,1st Year,15,0.023622,0.000857,0.312983,0.001023,0.1927,562,C6,Member,Connected
RA2311027010094,Big Data Analytics,4th Year,13,0.020472,0.0011,0.313151,0.001209,0.1922,563,C2,Member,Connected
RA2511027010146,Big Data Analytics,2nd Year,12,0.018898,0.001177,0.321807,0.001107,0.1921,564,C2,Member,Connected
RA2611056010635,AIML,1st Year,13,0.020472,0.000627,0.311976,0.001385,0.1917,565,C7,Member,Connected
RA2411030010405,Information Technology,3rd Year,12,0.018898,0.002025,0.306072,0.001217,0.1914,566,C5,Member,Connected
RA2411027010121,Big Data Analytics,3rd Year,14,0.022047,0.000573,0.303994,0.001457,0.1911,567,C2,Member,Connected
RA2311029010286,Cybersecurity,4th Year,13,0.020472,0.000704,0.313996,0.001301,0.1907,568,C4,Member,Connected
RA2411056010590,AIML,3rd Year,14,0.022047,0.000269,0.313488,0.001313,0.1903,569,C7,Member,Connected
RA2611028010272,Cloud Computing,1st Year,13,0.020472,0.001014,0.308996,0.001314,0.1895,570,C3,Member,Connected
RA2411027010120,Big Data Analytics,3rd Year,12,0.018898,0.001157,0.302887,0.001548,0.1887,571,C2,Member,Connected
RA2511029010338,Cybersecurity,2nd Year,14,0.022047,0.00074,0.311309,0.001172,0.1858,572,C4,Member,Connected
RA2311056010546,AIML,4th Year,13,0.020472,0.000937,0.310977,0.001244,0.1847,573,C7,Member,Connected
RA2511028010242,Cloud Computing,2nd Year,13,0.020472,0.001038,0.306717,0.001278,0.1807,574,C3,Member,Connected
RA2311056010553,AIML,4th Year,15,0.023622,0.000726,0.301631,0.001204,0.1779,575,C7,Member,Connected
RA2411029010312,Cybersecurity,3rd Year,12,0.018898,0.000696,0.307852,0.001448,0.1756,576,C4,Member,Connected
RA2311054010461,Data Science,4th Year,13,0.020472,0.00025,0.31081,0.001307,0.1679,577,C6,Member,Connected
RA2611029010342,Cybersecurity,1st Year,12,0.018898,0.000861,0.306878,0.001342,0.1676,578,C4,Member,Connected
RA2511030010417,Information Technology,2nd Year,12,0.018898,0.00101,0.307202,0.001278,0.1667,579,C5,Member,Connected
RA2511056010606,AIML,2nd Year,14,0.022047,0.000339,0.301319,0.00133,0.1631,580,C7,Member,Connected
RA2611003010091,CSE Core,1st Year,14,0.022047,0.000335,0.308341,0.001156,0.1629,581,C1,Member,Connected
RA2611030010446,Information Technology,1st Year,14,0.022047,0.000199,0.29747,0.001441,0.16,582,C5,Member,Connected
RA2611056010630,AIML,1st Year,11,0.017323,0.001284,0.314505,0.001069,0.1586,583,C7,Member,Connected
RA2411027010128,Big Data Analytics,3rd Year,13,0.020472,0.000417,0.297774,0.001481,0.158,584,C2,Member,Connected
RA2611028010267,Cloud Computing,1st Year,13,0.020472,0.000339,0.300852,0.001403,0.1552,585,C3,Member,Connected
RA2411030010387,Information Technology,3rd Year,14,0.022047,0.000858,0.297622,0.001155,0.1526,586,C5,Member,Connected
RA2411028010213,Cloud Computing,3rd Year,13,0.020472,0.000842,0.304949,0.001106,0.1516,587,C3,Member,Connected
RA2511029010320,Cybersecurity,2nd Year,11,0.017323,0.001405,0.311309,0.001027,0.15,588,C4,Member,Connected
RA2411028010206,Cloud Computing,3rd Year,11,0.017323,0.001078,0.309489,0.001148,0.147,589,C3,Member,Connected
RA2611030010437,Information Technology,1st Year,13,0.020472,0.000624,0.289914,0.001493,0.1459,590,C5,Member,Connected
RA2411029010309,Cybersecurity,3rd Year,12,0.018898,0.000425,0.298691,0.001454,0.1435,591,C4,Member,Connected
RA2411028010223,Cloud Computing,3rd Year,11,0.017323,0.000916,0.311309,0.001111,0.1424,592,C3,Member,Connected
RA2311029010290,Cybersecurity,4th Year,12,0.018898,0.000559,0.31332,0.001028,0.1413,593,C4,Member,Connected
RA2411027010134,Big Data Analytics,3rd Year,13,0.020472,0.000521,0.295957,0.001322,0.1402,594,C2,Member,Connected
RA2611003010080,CSE Core,1st Year,12,0.018898,0.000423,0.310148,0.001109,0.137,595,C1,Member,Connected
RA2511030010425,Information Technology,2nd Year,11,0.017323,0.000444,0.299459,0.001497,0.1364,596,C5,Member,Connected
RA2411056010574,AIML,3rd Year,12,0.018898,0.000497,0.306878,0.001091,0.1292,597,C7,Member,Connected
RA2311027010099,Big Data Analytics,4th Year,13,0.020472,0.000472,0.29656,0.001127,0.1197,598,C2,Member,Connected
RA2511028010236,Cloud Computing,2nd Year,11,0.017323,0.000893,0.303994,0.001032,0.1145,599,C3,Member,Connected
RA2411027010135,Big Data Analytics,3rd Year,13,0.020472,0.000262,0.292978,0.001199,0.111,600,C2,Member,Connected
RA2611056010626,AIML,1st Year,12,0.018898,0.000475,0.303677,0.000977,0.1082,601,C7,Member,Connected
RA2611028010263,Cloud Computing,1st Year,12,0.018898,0.000542,0.303044,0.000927,0.1036,602,C3,Member,Connected
RA2411029010298,Cybersecurity,3rd Year,11,0.017323,0.000352,0.30463,0.001062,0.1012,603,C4,Member,Connected
RA2311027010108,Big Data Analytics,4th Year,11,0.017323,0.000609,0.29122,0.001218,0.0915,604,C2,Member,Connected
RA2511056010591,AIML,2nd Year,11,0.017323,0.000243,0.296863,0.001092,0.0806,605,C7,Member,Connected
RA2511030010426,Information Technology,2nd Year,12,0.018898,0.000231,0.293421,0.000925,0.0682,606,C5,Member,Connected
RA2511028010233,Cloud Computing,2nd Year,11,0.017323,0.000142,0.300231,0.000886,0.0644,607,C3,Member,Connected
RA2411027010124,Big Data Analytics,3rd Year,11,0.017323,0.000151,0.286349,0.001061,0.0472,608,C2,Member,Connected
RA2611054010543,Data Science,1st Year,9,0.014173,0.000321,0.290203,0.00102,0.0299,609,C6,Member,Connected
RA2311003010007,CSE Core,4th Year,0,0.0,0.0,0.0,0.0,0.0,636,Isolated,Isolated,Structurally Isolated
RA2411003010026,CSE Core,3rd Year,0,0.0,0.0,0.0,0.0,0.0,636,Isolated,Isolated,Structurally Isolated
RA2411003010028,CSE Core,3rd Year,0,0.0,0.0,0.0,0.0,0.0,636,Isolated,Isolated,Structurally Isolated
RA2411003010031,CSE Core,3rd Year,0,0.0,0.0,0.0,0.0,0.0,636,Isolated,Isolated,Structurally Isolated
RA2411003010033,CSE Core,3rd Year,0,0.0,0.0,0.0,0.0,0.0,636,Isolated,Isolated,Structurally Isolated
RA2611003010090,CSE Core,1st Year,0,0.0,0.0,0.0,0.0,0.0,636,Isolated,Isolated,Structurally Isolated
RA2311027010096,Big Data Analytics,4th Year,0,0.0,0.0,0.0,0.0,0.0,636,Isolated,Isolated,Structurally Isolated
RA2311027010105,Big Data Analytics,4th Year,0,0.0,0.0,0.0,0.0,0.0,636,Isolated,Isolated,Structurally Isolated
RA2311027010115,Big Data Analytics,4th Year,0,0.0,0.0,0.0,0.0,0.0,636,Isolated,Isolated,Structurally Isolated
RA2511027010143,Big Data Analytics,2nd Year,0,0.0,0.0,0.0,0.0,0.0,636,Isolated,Isolated,Structurally Isolated
RA2311028010204,Cloud Computing,4th Year,0,0.0,0.0,0.0,0.0,0.0,636,Isolated,Isolated,Structurally Isolated
RA2411028010224,Cloud Computing,3rd Year,0,0.0,0.0,0.0,0.0,0.0,636,Isolated,Isolated,Structurally Isolated
RA2411028010226,Cloud Computing,3rd Year,0,0.0,0.0,0.0,0.0,0.0,636,Isolated,Isolated,Structurally Isolated
RA2511028010229,Cloud Computing,2nd Year,0,0.0,0.0,0.0,0.0,0.0,636,Isolated,Isolated,Structurally Isolated
RA2511028010239,Cloud Computing,2nd Year,0,0.0,0.0,0.0,0.0,0.0,636,Isolated,Isolated,Structurally Isolated
RA2611028010251,Cloud Computing,1st Year,0,0.0,0.0,0.0,0.0,0.0,636,Isolated,Isolated,Structurally Isolated
RA2311029010282,Cybersecurity,4th Year,0,0.0,0.0,0.0,0.0,0.0,636,Isolated,Isolated,Structurally Isolated
RA2311029010285,Cybersecurity,4th Year,0,0.0,0.0,0.0,0.0,0.0,636,Isolated,Isolated,Structurally Isolated
RA2511030010430,Information Technology,2nd Year,0,0.0,0.0,0.0,0.0,0.0,636,Isolated,Isolated,Structurally Isolated
RA2611030010433,Information Technology,1st Year,0,0.0,0.0,0.0,0.0,0.0,636,Isolated,Isolated,Structurally Isolated
RA2311054010460,Data Science,4th Year,0,0.0,0.0,0.0,0.0,0.0,636,Isolated,Isolated,Structurally Isolated
RA2511054010518,Data Science,2nd Year,0,0.0,0.0,0.0,0.0,0.0,636,Isolated,Isolated,Structurally Isolated
RA2311056010559,AIML,4th Year,0,0.0,0.0,0.0,0.0,0.0,636,Isolated,Isolated,Structurally Isolated
RA2411056010575,AIML,3rd Year,0,0.0,0.0,0.0,0.0,0.0,636,Isolated,Isolated,Structurally Isolated
RA2511056010604,AIML,2nd Year,0,0.0,0.0,0.0,0.0,0.0,636,Isolated,Isolated,Structurally Isolated
RA2511056010605,AIML,2nd Year,0,0.0,0.0,0.0,0.0,0.0,636,Isolated,Isolated,Structurally Isolated
RA2611056010617,AIML,1st Year,0,0.0,0.0,0.0,0.0,0.0,636,Isolated,Isolated,Structurally Isolated
